---------------------------------------------------------------------------------------------------
Date: 8/31/2026 -- 23:36:43 (uptime: 0d, 00h 00m 41s)
---------------------------------------------------------------------------------------------------
Counter                                                      | TM Name                   | Value
---------------------------------------------------------------------------------------------------
capture.afpacket.polls                                       | Total                     | 231
capture.afpacket.poll_timeout                                | Total                     | 231
flow.mgr.rows_per_sec                                        | Total                     | 6553
flow.spare                                                   | Total                     | 10000
memcap.pressure                                              | Total                     | 5
memcap.pressure_max                                          | Total                     | 5
defrag.memuse                                                | Total                     | 33554432
tcp.memuse                                                   | Total                     | 2490368
tcp.reassembly_memuse                                        | Total                     | 458752
http.byterange.memuse                                        | Total                     | 168384
http.byterange.memcap                                        | Total                     | 104857600
ippair.memuse                                                | Total                     | 398144
ippair.memcap                                                | Total                     | 16777216
host.memuse                                                  | Total                     | 382144
host.memcap                                                  | Total                     | 33554432
flow.memuse                                                  | Total                     | 7234304
---------------------------------------------------------------------------------------------------
Date: 8/31/2026 -- 23:36:51 (uptime: 0d, 00h 00m 49s)
---------------------------------------------------------------------------------------------------
Counter                                                      | TM Name                   | Value
---------------------------------------------------------------------------------------------------
capture.afpacket.polls                                       | Total                     | 588
capture.afpacket.poll_timeout                                | Total                     | 588
flow.mgr.full_hash_pass                                      | Total                     | 1
flow.mgr.rows_per_sec                                        | Total                     | 6553
flow.spare                                                   | Total                     | 10000
memcap.pressure                                              | Total                     | 5
memcap.pressure_max                                          | Total                     | 5
defrag.memuse                                                | Total                     | 33554432
tcp.memuse                                                   | Total                     | 2490368
tcp.reassembly_memuse                                        | Total                     | 458752
http.byterange.memuse                                        | Total                     | 168384
http.byterange.memcap                                        | Total                     | 104857600
ippair.memuse                                                | Total                     | 398144
ippair.memcap                                                | Total                     | 16777216
host.memuse                                                  | Total                     | 382144
host.memcap                                                  | Total                     | 33554432
flow.memuse                                                  | Total                     | 7234304
---------------------------------------------------------------------------------------------------
Date: 8/31/2026 -- 23:36:59 (uptime: 0d, 00h 00m 57s)
---------------------------------------------------------------------------------------------------
Counter                                                      | TM Name                   | Value
---------------------------------------------------------------------------------------------------
capture.afpacket.polls                                       | Total                     | 826
capture.afpacket.poll_timeout                                | Total                     | 826
flow.mgr.full_hash_pass                                      | Total                     | 2
flow.mgr.rows_per_sec                                        | Total                     | 6553
flow.spare                                                   | Total                     | 10000
memcap.pressure                                              | Total                     | 5
memcap.pressure_max                                          | Total                     | 5
defrag.memuse                                                | Total                     | 33554432
tcp.memuse                                                   | Total                     | 2490368
tcp.reassembly_memuse                                        | Total                     | 458752
http.byterange.memuse                                        | Total                     | 168384
http.byterange.memcap                                        | Total                     | 104857600
ippair.memuse                                                | Total                     | 398144
ippair.memcap                                                | Total                     | 16777216
host.memuse                                                  | Total                     | 382144
host.memcap                                                  | Total                     | 33554432
flow.memuse                                                  | Total                     | 7234304
---------------------------------------------------------------------------------------------------
Date: 8/31/2026 -- 23:37:07 (uptime: 0d, 00h 01m 05s)
---------------------------------------------------------------------------------------------------
Counter                                                      | TM Name                   | Value
---------------------------------------------------------------------------------------------------
capture.afpacket.polls                                       | Total                     | 1184
capture.afpacket.poll_timeout                                | Total                     | 1184
flow.mgr.full_hash_pass                                      | Total                     | 3
flow.mgr.rows_per_sec                                        | Total                     | 6553
flow.spare                                                   | Total                     | 10000
memcap.pressure                                              | Total                     | 5
memcap.pressure_max                                          | Total                     | 5
defrag.memuse                                                | Total                     | 33554432
tcp.memuse                                                   | Total                     | 2490368
tcp.reassembly_memuse                                        | Total                     | 458752
http.byterange.memuse                                        | Total                     | 168384
http.byterange.memcap                                        | Total                     | 104857600
ippair.memuse                                                | Total                     | 398144
ippair.memcap                                                | Total                     | 16777216
host.memuse                                                  | Total                     | 382144
host.memcap                                                  | Total                     | 33554432
flow.memuse                                                  | Total                     | 7234304
---------------------------------------------------------------------------------------------------
Date: 8/31/2026 -- 23:37:15 (uptime: 0d, 00h 01m 13s)
---------------------------------------------------------------------------------------------------
Counter                                                      | TM Name                   | Value
---------------------------------------------------------------------------------------------------
capture.afpacket.polls                                       | Total                     | 1542
capture.afpacket.poll_timeout                                | Total                     | 1542
flow.mgr.full_hash_pass                                      | Total                     | 3
flow.mgr.rows_per_sec                                        | Total                     | 6553
flow.spare                                                   | Total                     | 10000
memcap.pressure                                              | Total                     | 5
memcap.pressure_max                                          | Total                     | 5
defrag.memuse                                                | Total                     | 33554432
tcp.memuse                                                   | Total                     | 2490368
tcp.reassembly_memuse                                        | Total                     | 458752
http.byterange.memuse                                        | Total                     | 168384
http.byterange.memcap                                        | Total                     | 104857600
ippair.memuse                                                | Total                     | 398144
ippair.memcap                                                | Total                     | 16777216
host.memuse                                                  | Total                     | 382144
host.memcap                                                  | Total                     | 33554432
flow.memuse                                                  | Total                     | 7234304
---------------------------------------------------------------------------------------------------
Date: 8/31/2026 -- 23:37:23 (uptime: 0d, 00h 01m 21s)
---------------------------------------------------------------------------------------------------
Counter                                                      | TM Name                   | Value
---------------------------------------------------------------------------------------------------
capture.afpacket.polls                                       | Total                     | 1780
capture.afpacket.poll_timeout                                | Total                     | 1780
flow.mgr.full_hash_pass                                      | Total                     | 4
flow.mgr.rows_per_sec                                        | Total                     | 6553
flow.spare                                                   | Total                     | 10000
memcap.pressure                                              | Total                     | 5
memcap.pressure_max                                          | Total                     | 5
defrag.memuse                                                | Total                     | 33554432
tcp.memuse                                                   | Total                     | 2490368
tcp.reassembly_memuse                                        | Total                     | 458752
http.byterange.memuse                                        | Total                     | 168384
http.byterange.memcap                                        | Total                     | 104857600
ippair.memuse                                                | Total                     | 398144
ippair.memcap                                                | Total                     | 16777216
host.memuse                                                  | Total                     | 382144
host.memcap                                                  | Total                     | 33554432
flow.memuse                                                  | Total                     | 7234304
---------------------------------------------------------------------------------------------------
Date: 8/31/2026 -- 23:37:31 (uptime: 0d, 00h 01m 29s)
---------------------------------------------------------------------------------------------------
Counter                                                      | TM Name                   | Value
---------------------------------------------------------------------------------------------------
capture.afpacket.polls                                       | Total                     | 2138
capture.afpacket.poll_timeout                                | Total                     | 2138
flow.mgr.full_hash_pass                                      | Total                     | 5
flow.mgr.rows_per_sec                                        | Total                     | 6553
flow.spare                                                   | Total                     | 10000
memcap.pressure                                              | Total                     | 5
memcap.pressure_max                                          | Total                     | 5
defrag.memuse                                                | Total                     | 33554432
tcp.memuse                                                   | Total                     | 2490368
tcp.reassembly_memuse                                        | Total                     | 458752
http.byterange.memuse                                        | Total                     | 168384
http.byterange.memcap                                        | Total                     | 104857600
ippair.memuse                                                | Total                     | 398144
ippair.memcap                                                | Total                     | 16777216
host.memuse                                                  | Total                     | 382144
host.memcap                                                  | Total                     | 33554432
flow.memuse                                                  | Total                     | 7234304
---------------------------------------------------------------------------------------------------
Date: 8/31/2026 -- 23:37:39 (uptime: 0d, 00h 01m 37s)
---------------------------------------------------------------------------------------------------
Counter                                                      | TM Name                   | Value
---------------------------------------------------------------------------------------------------
capture.afpacket.polls                                       | Total                     | 2495
capture.afpacket.poll_timeout                                | Total                     | 2495
flow.mgr.full_hash_pass                                      | Total                     | 6
flow.mgr.rows_per_sec                                        | Total                     | 6553
flow.spare                                                   | Total                     | 10000
memcap.pressure                                              | Total                     | 5
memcap.pressure_max                                          | Total                     | 5
defrag.memuse                                                | Total                     | 33554432
tcp.memuse                                                   | Total                     | 2490368
tcp.reassembly_memuse                                        | Total                     | 458752
http.byterange.memuse                                        | Total                     | 168384
http.byterange.memcap                                        | Total                     | 104857600
ippair.memuse                                                | Total                     | 398144
ippair.memcap                                                | Total                     | 16777216
host.memuse                                                  | Total                     | 382144
host.memcap                                                  | Total                     | 33554432
flow.memuse                                                  | Total                     | 7234304
---------------------------------------------------------------------------------------------------
Date: 8/31/2026 -- 23:37:47 (uptime: 0d, 00h 01m 45s)
---------------------------------------------------------------------------------------------------
Counter                                                      | TM Name                   | Value
---------------------------------------------------------------------------------------------------
capture.afpacket.polls                                       | Total                     | 2733
capture.afpacket.poll_timeout                                | Total                     | 2733
flow.mgr.full_hash_pass                                      | Total                     | 6
flow.mgr.rows_per_sec                                        | Total                     | 6553
flow.spare                                                   | Total                     | 10000
memcap.pressure                                              | Total                     | 5
memcap.pressure_max                                          | Total                     | 5
defrag.memuse                                                | Total                     | 33554432
tcp.memuse                                                   | Total                     | 2490368
tcp.reassembly_memuse                                        | Total                     | 458752
http.byterange.memuse                                        | Total                     | 168384
http.byterange.memcap                                        | Total                     | 104857600
ippair.memuse                                                | Total                     | 398144
ippair.memcap                                                | Total                     | 16777216
host.memuse                                                  | Total                     | 382144
host.memcap                                                  | Total                     | 33554432
flow.memuse                                                  | Total                     | 7234304
---------------------------------------------------------------------------------------------------
Date: 8/31/2026 -- 23:37:55 (uptime: 0d, 00h 01m 53s)
---------------------------------------------------------------------------------------------------
Counter                                                      | TM Name                   | Value
---------------------------------------------------------------------------------------------------
capture.afpacket.polls                                       | Total                     | 3091
capture.afpacket.poll_timeout                                | Total                     | 3091
flow.mgr.full_hash_pass                                      | Total                     | 7
flow.mgr.rows_per_sec                                        | Total                     | 6553
flow.spare                                                   | Total                     | 10000
memcap.pressure                                              | Total                     | 5
memcap.pressure_max                                          | Total                     | 5
defrag.memuse                                                | Total                     | 33554432
tcp.memuse                                                   | Total                     | 2490368
tcp.reassembly_memuse                                        | Total                     | 458752
http.byterange.memuse                                        | Total                     | 168384
http.byterange.memcap                                        | Total                     | 104857600
ippair.memuse                                                | Total                     | 398144
ippair.memcap                                                | Total                     | 16777216
host.memuse                                                  | Total                     | 382144
host.memcap                                                  | Total                     | 33554432
flow.memuse                                                  | Total                     | 7234304
---------------------------------------------------------------------------------------------------
Date: 8/31/2026 -- 23:38:03 (uptime: 0d, 00h 02m 01s)
---------------------------------------------------------------------------------------------------
Counter                                                      | TM Name                   | Value
---------------------------------------------------------------------------------------------------
capture.afpacket.polls                                       | Total                     | 3449
capture.afpacket.poll_timeout                                | Total                     | 3449
flow.mgr.full_hash_pass                                      | Total                     | 8
flow.mgr.rows_per_sec                                        | Total                     | 6553
flow.spare                                                   | Total                     | 10000
memcap.pressure                                              | Total                     | 5
memcap.pressure_max                                          | Total                     | 5
defrag.memuse                                                | Total                     | 33554432
tcp.memuse                                                   | Total                     | 2490368
tcp.reassembly_memuse                                        | Total                     | 458752
http.byterange.memuse                                        | Total                     | 168384
http.byterange.memcap                                        | Total                     | 104857600
ippair.memuse                                                | Total                     | 398144
ippair.memcap                                                | Total                     | 16777216
host.memuse                                                  | Total                     | 382144
host.memcap                                                  | Total                     | 33554432
flow.memuse                                                  | Total                     | 7234304
---------------------------------------------------------------------------------------------------
Date: 8/31/2026 -- 23:38:11 (uptime: 0d, 00h 02m 09s)
---------------------------------------------------------------------------------------------------
Counter                                                      | TM Name                   | Value
---------------------------------------------------------------------------------------------------
capture.afpacket.polls                                       | Total                     | 3688
capture.afpacket.poll_timeout                                | Total                     | 3688
flow.mgr.full_hash_pass                                      | Total                     | 9
flow.mgr.rows_per_sec                                        | Total                     | 6553
flow.spare                                                   | Total                     | 10000
memcap.pressure                                              | Total                     | 5
memcap.pressure_max                                          | Total                     | 5
defrag.memuse                                                | Total                     | 33554432
tcp.memuse                                                   | Total                     | 2490368
tcp.reassembly_memuse                                        | Total                     | 458752
http.byterange.memuse                                        | Total                     | 168384
http.byterange.memcap                                        | Total                     | 104857600
ippair.memuse                                                | Total                     | 398144
ippair.memcap                                                | Total                     | 16777216
host.memuse                                                  | Total                     | 382144
host.memcap                                                  | Total                     | 33554432
flow.memuse                                                  | Total                     | 7234304
---------------------------------------------------------------------------------------------------
Date: 8/31/2026 -- 23:38:19 (uptime: 0d, 00h 02m 17s)
---------------------------------------------------------------------------------------------------
Counter                                                      | TM Name                   | Value
---------------------------------------------------------------------------------------------------
capture.afpacket.polls                                       | Total                     | 4066
capture.afpacket.poll_timeout                                | Total                     | 4066
flow.mgr.full_hash_pass                                      | Total                     | 10
flow.mgr.rows_per_sec                                        | Total                     | 6553
flow.spare                                                   | Total                     | 10000
memcap.pressure                                              | Total                     | 5
memcap.pressure_max                                          | Total                     | 5
defrag.memuse                                                | Total                     | 33554432
tcp.memuse                                                   | Total                     | 2490368
tcp.reassembly_memuse                                        | Total                     | 458752
http.byterange.memuse                                        | Total                     | 168384
http.byterange.memcap                                        | Total                     | 104857600
ippair.memuse                                                | Total                     | 398144
ippair.memcap                                                | Total                     | 16777216
host.memuse                                                  | Total                     | 382144
host.memcap                                                  | Total                     | 33554432
flow.memuse                                                  | Total                     | 7234304
---------------------------------------------------------------------------------------------------
Date: 8/31/2026 -- 23:38:27 (uptime: 0d, 00h 02m 25s)
---------------------------------------------------------------------------------------------------
Counter                                                      | TM Name                   | Value
---------------------------------------------------------------------------------------------------
capture.afpacket.polls                                       | Total                     | 4424
capture.afpacket.poll_timeout                                | Total                     | 4424
flow.mgr.full_hash_pass                                      | Total                     | 11
flow.mgr.rows_per_sec                                        | Total                     | 6553
flow.spare                                                   | Total                     | 10000
memcap.pressure                                              | Total                     | 5
memcap.pressure_max                                          | Total                     | 5
defrag.memuse                                                | Total                     | 33554432
tcp.memuse                                                   | Total                     | 2490368
tcp.reassembly_memuse                                        | Total                     | 458752
http.byterange.memuse                                        | Total                     | 168384
http.byterange.memcap                                        | Total                     | 104857600
ippair.memuse                                                | Total                     | 398144
ippair.memcap                                                | Total                     | 16777216
host.memuse                                                  | Total                     | 382144
host.memcap                                                  | Total                     | 33554432
flow.memuse                                                  | Total                     | 7234304
---------------------------------------------------------------------------------------------------
Date: 8/31/2026 -- 23:38:35 (uptime: 0d, 00h 02m 33s)
---------------------------------------------------------------------------------------------------
Counter                                                      | TM Name                   | Value
---------------------------------------------------------------------------------------------------
capture.afpacket.polls                                       | Total                     | 4662
capture.afpacket.poll_timeout                                | Total                     | 4662
flow.mgr.full_hash_pass                                      | Total                     | 11
flow.mgr.rows_per_sec                                        | Total                     | 6553
flow.spare                                                   | Total                     | 10000
memcap.pressure                                              | Total                     | 5
memcap.pressure_max                                          | Total                     | 5
defrag.memuse                                                | Total                     | 33554432
tcp.memuse                                                   | Total                     | 2490368
tcp.reassembly_memuse                                        | Total                     | 458752
http.byterange.memuse                                        | Total                     | 168384
http.byterange.memcap                                        | Total                     | 104857600
ippair.memuse                                                | Total                     | 398144
ippair.memcap                                                | Total                     | 16777216
host.memuse                                                  | Total                     | 382144
host.memcap                                                  | Total                     | 33554432
flow.memuse                                                  | Total                     | 7234304
---------------------------------------------------------------------------------------------------
Date: 8/31/2026 -- 23:38:43 (uptime: 0d, 00h 02m 41s)
---------------------------------------------------------------------------------------------------
Counter                                                      | TM Name                   | Value
---------------------------------------------------------------------------------------------------
capture.afpacket.polls                                       | Total                     | 5020
capture.afpacket.poll_timeout                                | Total                     | 5020
flow.mgr.full_hash_pass                                      | Total                     | 12
flow.mgr.rows_per_sec                                        | Total                     | 6553
flow.spare                                                   | Total                     | 10000
memcap.pressure                                              | Total                     | 5
memcap.pressure_max                                          | Total                     | 5
defrag.memuse                                                | Total                     | 33554432
tcp.memuse                                                   | Total                     | 2490368
tcp.reassembly_memuse                                        | Total                     | 458752
http.byterange.memuse                                        | Total                     | 168384
http.byterange.memcap                                        | Total                     | 104857600
ippair.memuse                                                | Total                     | 398144
ippair.memcap                                                | Total                     | 16777216
host.memuse                                                  | Total                     | 382144
host.memcap                                                  | Total                     | 33554432
flow.memuse                                                  | Total                     | 7234304
---------------------------------------------------------------------------------------------------
Date: 8/31/2026 -- 23:38:51 (uptime: 0d, 00h 02m 49s)
---------------------------------------------------------------------------------------------------
Counter                                                      | TM Name                   | Value
---------------------------------------------------------------------------------------------------
capture.afpacket.polls                                       | Total                     | 5378
capture.afpacket.poll_timeout                                | Total                     | 5378
flow.mgr.full_hash_pass                                      | Total                     | 13
flow.mgr.rows_per_sec                                        | Total                     | 6553
flow.spare                                                   | Total                     | 10000
memcap.pressure                                              | Total                     | 5
memcap.pressure_max                                          | Total                     | 5
defrag.memuse                                                | Total                     | 33554432
tcp.memuse                                                   | Total                     | 2490368
tcp.reassembly_memuse                                        | Total                     | 458752
http.byterange.memuse                                        | Total                     | 168384
http.byterange.memcap                                        | Total                     | 104857600
ippair.memuse                                                | Total                     | 398144
ippair.memcap                                                | Total                     | 16777216
host.memuse                                                  | Total                     | 382144
host.memcap                                                  | Total                     | 33554432
flow.memuse                                                  | Total                     | 7234304
---------------------------------------------------------------------------------------------------
Date: 8/31/2026 -- 23:38:59 (uptime: 0d, 00h 02m 57s)
---------------------------------------------------------------------------------------------------
Counter                                                      | TM Name                   | Value
---------------------------------------------------------------------------------------------------
capture.afpacket.polls                                       | Total                     | 5615
capture.afpacket.poll_timeout                                | Total                     | 5615
flow.mgr.full_hash_pass                                      | Total                     | 14
flow.mgr.rows_per_sec                                        | Total                     | 6553
flow.spare                                                   | Total                     | 10000
memcap.pressure                                              | Total                     | 5
memcap.pressure_max                                          | Total                     | 5
defrag.memuse                                                | Total                     | 33554432
tcp.memuse                                                   | Total                     | 2490368
tcp.reassembly_memuse                                        | Total                     | 458752
http.byterange.memuse                                        | Total                     | 168384
http.byterange.memcap                                        | Total                     | 104857600
ippair.memuse                                                | Total                     | 398144
ippair.memcap                                                | Total                     | 16777216
host.memuse                                                  | Total                     | 382144
host.memcap                                                  | Total                     | 33554432
flow.memuse                                                  | Total                     | 7234304
---------------------------------------------------------------------------------------------------
Date: 8/31/2026 -- 23:39:07 (uptime: 0d, 00h 03m 05s)
---------------------------------------------------------------------------------------------------
Counter                                                      | TM Name                   | Value
---------------------------------------------------------------------------------------------------
capture.afpacket.polls                                       | Total                     | 5974
capture.afpacket.poll_timeout                                | Total                     | 5974
flow.mgr.full_hash_pass                                      | Total                     | 15
flow.mgr.rows_per_sec                                        | Total                     | 6553
flow.spare                                                   | Total                     | 10000
memcap.pressure                                              | Total                     | 5
memcap.pressure_max                                          | Total                     | 5
defrag.memuse                                                | Total                     | 33554432
tcp.memuse                                                   | Total                     | 2490368
tcp.reassembly_memuse                                        | Total                     | 458752
http.byterange.memuse                                        | Total                     | 168384
http.byterange.memcap                                        | Total                     | 104857600
ippair.memuse                                                | Total                     | 398144
ippair.memcap                                                | Total                     | 16777216
host.memuse                                                  | Total                     | 382144
host.memcap                                                  | Total                     | 33554432
flow.memuse                                                  | Total                     | 7234304
---------------------------------------------------------------------------------------------------
Date: 8/31/2026 -- 23:39:15 (uptime: 0d, 00h 03m 13s)
---------------------------------------------------------------------------------------------------
Counter                                                      | TM Name                   | Value
---------------------------------------------------------------------------------------------------
capture.afpacket.polls                                       | Total                     | 6331
capture.afpacket.poll_timeout                                | Total                     | 6331
flow.mgr.full_hash_pass                                      | Total                     | 15
flow.mgr.rows_per_sec                                        | Total                     | 6553
flow.spare                                                   | Total                     | 10000
memcap.pressure                                              | Total                     | 5
memcap.pressure_max                                          | Total                     | 5
defrag.memuse                                                | Total                     | 33554432
tcp.memuse                                                   | Total                     | 2490368
tcp.reassembly_memuse                                        | Total                     | 458752
http.byterange.memuse                                        | Total                     | 168384
http.byterange.memcap                                        | Total                     | 104857600
ippair.memuse                                                | Total                     | 398144
ippair.memcap                                                | Total                     | 16777216
host.memuse                                                  | Total                     | 382144
host.memcap                                                  | Total                     | 33554432
flow.memuse                                                  | Total                     | 7234304
---------------------------------------------------------------------------------------------------
Date: 8/31/2026 -- 23:39:23 (uptime: 0d, 00h 03m 21s)
---------------------------------------------------------------------------------------------------
Counter                                                      | TM Name                   | Value
---------------------------------------------------------------------------------------------------
capture.afpacket.polls                                       | Total                     | 6571
capture.afpacket.poll_timeout                                | Total                     | 6571
flow.mgr.full_hash_pass                                      | Total                     | 16
flow.mgr.rows_per_sec                                        | Total                     | 6553
flow.spare                                                   | Total                     | 10000
memcap.pressure                                              | Total                     | 5
memcap.pressure_max                                          | Total                     | 5
defrag.memuse                                                | Total                     | 33554432
tcp.memuse                                                   | Total                     | 2490368
tcp.reassembly_memuse                                        | Total                     | 458752
http.byterange.memuse                                        | Total                     | 168384
http.byterange.memcap                                        | Total                     | 104857600
ippair.memuse                                                | Total                     | 398144
ippair.memcap                                                | Total                     | 16777216
host.memuse                                                  | Total                     | 382144
host.memcap                                                  | Total                     | 33554432
flow.memuse                                                  | Total                     | 7234304
---------------------------------------------------------------------------------------------------
Date: 8/31/2026 -- 23:39:31 (uptime: 0d, 00h 03m 29s)
---------------------------------------------------------------------------------------------------
Counter                                                      | TM Name                   | Value
---------------------------------------------------------------------------------------------------
capture.afpacket.polls                                       | Total                     | 6927
capture.afpacket.poll_timeout                                | Total                     | 6927
flow.mgr.full_hash_pass                                      | Total                     | 17
flow.mgr.rows_per_sec                                        | Total                     | 6553
flow.spare                                                   | Total                     | 10000
memcap.pressure                                              | Total                     | 5
memcap.pressure_max                                          | Total                     | 5
defrag.memuse                                                | Total                     | 33554432
tcp.memuse                                                   | Total                     | 2490368
tcp.reassembly_memuse                                        | Total                     | 458752
http.byterange.memuse                                        | Total                     | 168384
http.byterange.memcap                                        | Total                     | 104857600
ippair.memuse                                                | Total                     | 398144
ippair.memcap                                                | Total                     | 16777216
host.memuse                                                  | Total                     | 382144
host.memcap                                                  | Total                     | 33554432
flow.memuse                                                  | Total                     | 7234304
---------------------------------------------------------------------------------------------------
Date: 8/31/2026 -- 23:39:39 (uptime: 0d, 00h 03m 37s)
---------------------------------------------------------------------------------------------------
Counter                                                      | TM Name                   | Value
---------------------------------------------------------------------------------------------------
capture.afpacket.polls                                       | Total                     | 7283
capture.afpacket.poll_timeout                                | Total                     | 7283
flow.mgr.full_hash_pass                                      | Total                     | 18
flow.mgr.rows_per_sec                                        | Total                     | 6553
flow.spare                                                   | Total                     | 10000
memcap.pressure                                              | Total                     | 5
memcap.pressure_max                                          | Total                     | 5
defrag.memuse                                                | Total                     | 33554432
tcp.memuse                                                   | Total                     | 2490368
tcp.reassembly_memuse                                        | Total                     | 458752
http.byterange.memuse                                        | Total                     | 168384
http.byterange.memcap                                        | Total                     | 104857600
ippair.memuse                                                | Total                     | 398144
ippair.memcap                                                | Total                     | 16777216
host.memuse                                                  | Total                     | 382144
host.memcap                                                  | Total                     | 33554432
flow.memuse                                                  | Total                     | 7234304
---------------------------------------------------------------------------------------------------
Date: 8/31/2026 -- 23:39:47 (uptime: 0d, 00h 03m 45s)
---------------------------------------------------------------------------------------------------
Counter                                                      | TM Name                   | Value
---------------------------------------------------------------------------------------------------
capture.afpacket.polls                                       | Total                     | 7550
capture.afpacket.poll_timeout                                | Total                     | 7550
flow.mgr.full_hash_pass                                      | Total                     | 18
flow.mgr.rows_per_sec                                        | Total                     | 6553
flow.spare                                                   | Total                     | 10000
memcap.pressure                                              | Total                     | 5
memcap.pressure_max                                          | Total                     | 5
defrag.memuse                                                | Total                     | 33554432
tcp.memuse                                                   | Total                     | 2490368
tcp.reassembly_memuse                                        | Total                     | 458752
http.byterange.memuse                                        | Total                     | 168384
http.byterange.memcap                                        | Total                     | 104857600
ippair.memuse                                                | Total                     | 398144
ippair.memcap                                                | Total                     | 16777216
host.memuse                                                  | Total                     | 382144
host.memcap                                                  | Total                     | 33554432
flow.memuse                                                  | Total                     | 7234304
---------------------------------------------------------------------------------------------------
Date: 8/31/2026 -- 23:39:55 (uptime: 0d, 00h 03m 53s)
---------------------------------------------------------------------------------------------------
Counter                                                      | TM Name                   | Value
---------------------------------------------------------------------------------------------------
capture.afpacket.polls                                       | Total                     | 7879
capture.afpacket.poll_timeout                                | Total                     | 7879
flow.mgr.full_hash_pass                                      | Total                     | 19
flow.mgr.rows_per_sec                                        | Total                     | 6553
flow.spare                                                   | Total                     | 10000
memcap.pressure                                              | Total                     | 5
memcap.pressure_max                                          | Total                     | 5
defrag.memuse                                                | Total                     | 33554432
tcp.memuse                                                   | Total                     | 2490368
tcp.reassembly_memuse                                        | Total                     | 458752
http.byterange.memuse                                        | Total                     | 168384
http.byterange.memcap                                        | Total                     | 104857600
ippair.memuse                                                | Total                     | 398144
ippair.memcap                                                | Total                     | 16777216
host.memuse                                                  | Total                     | 382144
host.memcap                                                  | Total                     | 33554432
flow.memuse                                                  | Total                     | 7234304
---------------------------------------------------------------------------------------------------
Date: 8/31/2026 -- 23:40:03 (uptime: 0d, 00h 04m 01s)
---------------------------------------------------------------------------------------------------
Counter                                                      | TM Name                   | Value
---------------------------------------------------------------------------------------------------
capture.afpacket.polls                                       | Total                     | 8236
capture.afpacket.poll_timeout                                | Total                     | 8236
flow.mgr.full_hash_pass                                      | Total                     | 20
flow.mgr.rows_per_sec                                        | Total                     | 6553
flow.spare                                                   | Total                     | 10000
memcap.pressure                                              | Total                     | 5
memcap.pressure_max                                          | Total                     | 5
defrag.memuse                                                | Total                     | 33554432
tcp.memuse                                                   | Total                     | 2490368
tcp.reassembly_memuse                                        | Total                     | 458752
http.byterange.memuse                                        | Total                     | 168384
http.byterange.memcap                                        | Total                     | 104857600
ippair.memuse                                                | Total                     | 398144
ippair.memcap                                                | Total                     | 16777216
host.memuse                                                  | Total                     | 382144
host.memcap                                                  | Total                     | 33554432
flow.memuse                                                  | Total                     | 7234304
---------------------------------------------------------------------------------------------------
Date: 8/31/2026 -- 23:40:11 (uptime: 0d, 00h 04m 09s)
---------------------------------------------------------------------------------------------------
Counter                                                      | TM Name                   | Value
---------------------------------------------------------------------------------------------------
capture.afpacket.polls                                       | Total                     | 8473
capture.afpacket.poll_timeout                                | Total                     | 8473
flow.mgr.full_hash_pass                                      | Total                     | 21
flow.mgr.rows_per_sec                                        | Total                     | 6553
flow.spare                                                   | Total                     | 10000
memcap.pressure                                              | Total                     | 5
memcap.pressure_max                                          | Total                     | 5
defrag.memuse                                                | Total                     | 33554432
tcp.memuse                                                   | Total                     | 2490368
tcp.reassembly_memuse                                        | Total                     | 458752
http.byterange.memuse                                        | Total                     | 168384
http.byterange.memcap                                        | Total                     | 104857600
ippair.memuse                                                | Total                     | 398144
ippair.memcap                                                | Total                     | 16777216
host.memuse                                                  | Total                     | 382144
host.memcap                                                  | Total                     | 33554432
flow.memuse                                                  | Total                     | 7234304
---------------------------------------------------------------------------------------------------
Date: 8/31/2026 -- 23:40:19 (uptime: 0d, 00h 04m 17s)
---------------------------------------------------------------------------------------------------
Counter                                                      | TM Name                   | Value
---------------------------------------------------------------------------------------------------
capture.afpacket.polls                                       | Total                     | 8830
capture.afpacket.poll_timeout                                | Total                     | 8830
flow.mgr.full_hash_pass                                      | Total                     | 22
flow.mgr.rows_per_sec                                        | Total                     | 6553
flow.spare                                                   | Total                     | 10000
memcap.pressure                                              | Total                     | 5
memcap.pressure_max                                          | Total                     | 5
defrag.memuse                                                | Total                     | 33554432
tcp.memuse                                                   | Total                     | 2490368
tcp.reassembly_memuse                                        | Total                     | 458752
http.byterange.memuse                                        | Total                     | 168384
http.byterange.memcap                                        | Total                     | 104857600
ippair.memuse                                                | Total                     | 398144
ippair.memcap                                                | Total                     | 16777216
host.memuse                                                  | Total                     | 382144
host.memcap                                                  | Total                     | 33554432
flow.memuse                                                  | Total                     | 7234304
---------------------------------------------------------------------------------------------------
Date: 8/31/2026 -- 23:40:27 (uptime: 0d, 00h 04m 25s)
---------------------------------------------------------------------------------------------------
Counter                                                      | TM Name                   | Value
---------------------------------------------------------------------------------------------------
capture.afpacket.polls                                       | Total                     | 9206
capture.afpacket.poll_timeout                                | Total                     | 9206
flow.mgr.full_hash_pass                                      | Total                     | 23
flow.mgr.rows_per_sec                                        | Total                     | 6553
flow.spare                                                   | Total                     | 10000
memcap.pressure                                              | Total                     | 5
memcap.pressure_max                                          | Total                     | 5
defrag.memuse                                                | Total                     | 33554432
tcp.memuse                                                   | Total                     | 2490368
tcp.reassembly_memuse                                        | Total                     | 458752
http.byterange.memuse                                        | Total                     | 168384
http.byterange.memcap                                        | Total                     | 104857600
ippair.memuse                                                | Total                     | 398144
ippair.memcap                                                | Total                     | 16777216
host.memuse                                                  | Total                     | 382144
host.memcap                                                  | Total                     | 33554432
flow.memuse                                                  | Total                     | 7234304
---------------------------------------------------------------------------------------------------
Date: 8/31/2026 -- 23:40:35 (uptime: 0d, 00h 04m 33s)
---------------------------------------------------------------------------------------------------
Counter                                                      | TM Name                   | Value
---------------------------------------------------------------------------------------------------
capture.afpacket.polls                                       | Total                     | 9442
capture.afpacket.poll_timeout                                | Total                     | 9442
flow.mgr.full_hash_pass                                      | Total                     | 23
flow.mgr.rows_per_sec                                        | Total                     | 6553
flow.spare                                                   | Total                     | 10000
memcap.pressure                                              | Total                     | 5
memcap.pressure_max                                          | Total                     | 5
defrag.memuse                                                | Total                     | 33554432
tcp.memuse                                                   | Total                     | 2490368
tcp.reassembly_memuse                                        | Total                     | 458752
http.byterange.memuse                                        | Total                     | 168384
http.byterange.memcap                                        | Total                     | 104857600
ippair.memuse                                                | Total                     | 398144
ippair.memcap                                                | Total                     | 16777216
host.memuse                                                  | Total                     | 382144
host.memcap                                                  | Total                     | 33554432
flow.memuse                                                  | Total                     | 7234304
---------------------------------------------------------------------------------------------------
Date: 8/31/2026 -- 23:40:43 (uptime: 0d, 00h 04m 41s)
---------------------------------------------------------------------------------------------------
Counter                                                      | TM Name                   | Value
---------------------------------------------------------------------------------------------------
capture.afpacket.polls                                       | Total                     | 9802
capture.afpacket.poll_timeout                                | Total                     | 9802
flow.mgr.full_hash_pass                                      | Total                     | 24
flow.mgr.rows_per_sec                                        | Total                     | 6553
flow.spare                                                   | Total                     | 10000
memcap.pressure                                              | Total                     | 5
memcap.pressure_max                                          | Total                     | 5
defrag.memuse                                                | Total                     | 33554432
tcp.memuse                                                   | Total                     | 2490368
tcp.reassembly_memuse                                        | Total                     | 458752
http.byterange.memuse                                        | Total                     | 168384
http.byterange.memcap                                        | Total                     | 104857600
ippair.memuse                                                | Total                     | 398144
ippair.memcap                                                | Total                     | 16777216
host.memuse                                                  | Total                     | 382144
host.memcap                                                  | Total                     | 33554432
flow.memuse                                                  | Total                     | 7234304
---------------------------------------------------------------------------------------------------
Date: 8/31/2026 -- 23:40:51 (uptime: 0d, 00h 04m 49s)
---------------------------------------------------------------------------------------------------
Counter                                                      | TM Name                   | Value
---------------------------------------------------------------------------------------------------
capture.afpacket.polls                                       | Total                     | 10158
capture.afpacket.poll_timeout                                | Total                     | 10158
flow.mgr.full_hash_pass                                      | Total                     | 25
flow.mgr.rows_per_sec                                        | Total                     | 6553
flow.spare                                                   | Total                     | 10000
memcap.pressure                                              | Total                     | 5
memcap.pressure_max                                          | Total                     | 5
defrag.memuse                                                | Total                     | 33554432
tcp.memuse                                                   | Total                     | 2490368
tcp.reassembly_memuse                                        | Total                     | 458752
http.byterange.memuse                                        | Total                     | 168384
http.byterange.memcap                                        | Total                     | 104857600
ippair.memuse                                                | Total                     | 398144
ippair.memcap                                                | Total                     | 16777216
host.memuse                                                  | Total                     | 382144
host.memcap                                                  | Total                     | 33554432
flow.memuse                                                  | Total                     | 7234304
---------------------------------------------------------------------------------------------------
Date: 8/31/2026 -- 23:40:59 (uptime: 0d, 00h 04m 57s)
---------------------------------------------------------------------------------------------------
Counter                                                      | TM Name                   | Value
---------------------------------------------------------------------------------------------------
capture.afpacket.polls                                       | Total                     | 10398
capture.afpacket.poll_timeout                                | Total                     | 10398
flow.mgr.full_hash_pass                                      | Total                     | 26
flow.mgr.rows_per_sec                                        | Total                     | 6553
flow.spare                                                   | Total                     | 10000
memcap.pressure                                              | Total                     | 5
memcap.pressure_max                                          | Total                     | 5
defrag.memuse                                                | Total                     | 33554432
tcp.memuse                                                   | Total                     | 2490368
tcp.reassembly_memuse                                        | Total                     | 458752
http.byterange.memuse                                        | Total                     | 168384
http.byterange.memcap                                        | Total                     | 104857600
ippair.memuse                                                | Total                     | 398144
ippair.memcap                                                | Total                     | 16777216
host.memuse                                                  | Total                     | 382144
host.memcap                                                  | Total                     | 33554432
flow.memuse                                                  | Total                     | 7234304
---------------------------------------------------------------------------------------------------
Date: 8/31/2026 -- 23:41:07 (uptime: 0d, 00h 05m 05s)
---------------------------------------------------------------------------------------------------
Counter                                                      | TM Name                   | Value
---------------------------------------------------------------------------------------------------
capture.afpacket.polls                                       | Total                     | 10754
capture.afpacket.poll_timeout                                | Total                     | 10754
flow.mgr.full_hash_pass                                      | Total                     | 27
flow.mgr.rows_per_sec                                        | Total                     | 6553
flow.spare                                                   | Total                     | 10000
memcap.pressure                                              | Total                     | 5
memcap.pressure_max                                          | Total                     | 5
defrag.memuse                                                | Total                     | 33554432
tcp.memuse                                                   | Total                     | 2490368
tcp.reassembly_memuse                                        | Total                     | 458752
http.byterange.memuse                                        | Total                     | 168384
http.byterange.memcap                                        | Total                     | 104857600
ippair.memuse                                                | Total                     | 398144
ippair.memcap                                                | Total                     | 16777216
host.memuse                                                  | Total                     | 382144
host.memcap                                                  | Total                     | 33554432
flow.memuse                                                  | Total                     | 7234304
---------------------------------------------------------------------------------------------------
Date: 8/31/2026 -- 23:41:15 (uptime: 0d, 00h 05m 13s)
---------------------------------------------------------------------------------------------------
Counter                                                      | TM Name                   | Value
---------------------------------------------------------------------------------------------------
capture.afpacket.polls                                       | Total                     | 11112
capture.afpacket.poll_timeout                                | Total                     | 11112
flow.mgr.full_hash_pass                                      | Total                     | 27
flow.mgr.rows_per_sec                                        | Total                     | 6553
flow.spare                                                   | Total                     | 10000
memcap.pressure                                              | Total                     | 5
memcap.pressure_max                                          | Total                     | 5
defrag.memuse                                                | Total                     | 33554432
tcp.memuse                                                   | Total                     | 2490368
tcp.reassembly_memuse                                        | Total                     | 458752
http.byterange.memuse                                        | Total                     | 168384
http.byterange.memcap                                        | Total                     | 104857600
ippair.memuse                                                | Total                     | 398144
ippair.memcap                                                | Total                     | 16777216
host.memuse                                                  | Total                     | 382144
host.memcap                                                  | Total                     | 33554432
flow.memuse                                                  | Total                     | 7234304
---------------------------------------------------------------------------------------------------
Date: 8/31/2026 -- 23:41:23 (uptime: 0d, 00h 05m 21s)
---------------------------------------------------------------------------------------------------
Counter                                                      | TM Name                   | Value
---------------------------------------------------------------------------------------------------
capture.afpacket.polls                                       | Total                     | 11350
capture.afpacket.poll_timeout                                | Total                     | 11350
flow.mgr.full_hash_pass                                      | Total                     | 28
flow.mgr.rows_per_sec                                        | Total                     | 6553
flow.spare                                                   | Total                     | 10000
memcap.pressure                                              | Total                     | 5
memcap.pressure_max                                          | Total                     | 5
defrag.memuse                                                | Total                     | 33554432
tcp.memuse                                                   | Total                     | 2490368
tcp.reassembly_memuse                                        | Total                     | 458752
http.byterange.memuse                                        | Total                     | 168384
http.byterange.memcap                                        | Total                     | 104857600
ippair.memuse                                                | Total                     | 398144
ippair.memcap                                                | Total                     | 16777216
host.memuse                                                  | Total                     | 382144
host.memcap                                                  | Total                     | 33554432
flow.memuse                                                  | Total                     | 7234304
---------------------------------------------------------------------------------------------------
Date: 8/31/2026 -- 23:41:31 (uptime: 0d, 00h 05m 29s)
---------------------------------------------------------------------------------------------------
Counter                                                      | TM Name                   | Value
---------------------------------------------------------------------------------------------------
capture.afpacket.polls                                       | Total                     | 11708
capture.afpacket.poll_timeout                                | Total                     | 11708
flow.mgr.full_hash_pass                                      | Total                     | 29
flow.mgr.rows_per_sec                                        | Total                     | 6553
flow.spare                                                   | Total                     | 10000
memcap.pressure                                              | Total                     | 5
memcap.pressure_max                                          | Total                     | 5
defrag.memuse                                                | Total                     | 33554432
tcp.memuse                                                   | Total                     | 2490368
tcp.reassembly_memuse                                        | Total                     | 458752
http.byterange.memuse                                        | Total                     | 168384
http.byterange.memcap                                        | Total                     | 104857600
ippair.memuse                                                | Total                     | 398144
ippair.memcap                                                | Total                     | 16777216
host.memuse                                                  | Total                     | 382144
host.memcap                                                  | Total                     | 33554432
flow.memuse                                                  | Total                     | 7234304
---------------------------------------------------------------------------------------------------
Date: 8/31/2026 -- 23:41:39 (uptime: 0d, 00h 05m 37s)
---------------------------------------------------------------------------------------------------
Counter                                                      | TM Name                   | Value
---------------------------------------------------------------------------------------------------
capture.afpacket.polls                                       | Total                     | 12066
capture.afpacket.poll_timeout                                | Total                     | 12066
flow.mgr.full_hash_pass                                      | Total                     | 30
flow.mgr.rows_per_sec                                        | Total                     | 6553
flow.spare                                                   | Total                     | 10000
memcap.pressure                                              | Total                     | 5
memcap.pressure_max                                          | Total                     | 5
defrag.memuse                                                | Total                     | 33554432
tcp.memuse                                                   | Total                     | 2490368
tcp.reassembly_memuse                                        | Total                     | 458752
http.byterange.memuse                                        | Total                     | 168384
http.byterange.memcap                                        | Total                     | 104857600
ippair.memuse                                                | Total                     | 398144
ippair.memcap                                                | Total                     | 16777216
host.memuse                                                  | Total                     | 382144
host.memcap                                                  | Total                     | 33554432
flow.memuse                                                  | Total                     | 7234304
---------------------------------------------------------------------------------------------------
Date: 8/31/2026 -- 23:41:47 (uptime: 0d, 00h 05m 45s)
---------------------------------------------------------------------------------------------------
Counter                                                      | TM Name                   | Value
---------------------------------------------------------------------------------------------------
capture.afpacket.polls                                       | Total                     | 12305
capture.afpacket.poll_timeout                                | Total                     | 12305
flow.mgr.full_hash_pass                                      | Total                     | 31
flow.mgr.rows_per_sec                                        | Total                     | 6553
flow.spare                                                   | Total                     | 10000
memcap.pressure                                              | Total                     | 5
memcap.pressure_max                                          | Total                     | 5
defrag.memuse                                                | Total                     | 33554432
tcp.memuse                                                   | Total                     | 2490368
tcp.reassembly_memuse                                        | Total                     | 458752
http.byterange.memuse                                        | Total                     | 168384
http.byterange.memcap                                        | Total                     | 104857600
ippair.memuse                                                | Total                     | 398144
ippair.memcap                                                | Total                     | 16777216
host.memuse                                                  | Total                     | 382144
host.memcap                                                  | Total                     | 33554432
flow.memuse                                                  | Total                     | 7234304
---------------------------------------------------------------------------------------------------
Date: 8/31/2026 -- 23:41:55 (uptime: 0d, 00h 05m 53s)
---------------------------------------------------------------------------------------------------
Counter                                                      | TM Name                   | Value
---------------------------------------------------------------------------------------------------
capture.afpacket.polls                                       | Total                     | 12662
capture.afpacket.poll_timeout                                | Total                     | 12662
flow.mgr.full_hash_pass                                      | Total                     | 31
flow.mgr.rows_per_sec                                        | Total                     | 6553
flow.spare                                                   | Total                     | 10000
memcap.pressure                                              | Total                     | 5
memcap.pressure_max                                          | Total                     | 5
defrag.memuse                                                | Total                     | 33554432
tcp.memuse                                                   | Total                     | 2490368
tcp.reassembly_memuse                                        | Total                     | 458752
http.byterange.memuse                                        | Total                     | 168384
http.byterange.memcap                                        | Total                     | 104857600
ippair.memuse                                                | Total                     | 398144
ippair.memcap                                                | Total                     | 16777216
host.memuse                                                  | Total                     | 382144
host.memcap                                                  | Total                     | 33554432
flow.memuse                                                  | Total                     | 7234304
---------------------------------------------------------------------------------------------------
Date: 8/31/2026 -- 23:42:03 (uptime: 0d, 00h 06m 01s)
---------------------------------------------------------------------------------------------------
Counter                                                      | TM Name                   | Value
---------------------------------------------------------------------------------------------------
capture.afpacket.polls                                       | Total                     | 13020
capture.afpacket.poll_timeout                                | Total                     | 13020
flow.mgr.full_hash_pass                                      | Total                     | 32
flow.mgr.rows_per_sec                                        | Total                     | 6553
flow.spare                                                   | Total                     | 10000
memcap.pressure                                              | Total                     | 5
memcap.pressure_max                                          | Total                     | 5
defrag.memuse                                                | Total                     | 33554432
tcp.memuse                                                   | Total                     | 2490368
tcp.reassembly_memuse                                        | Total                     | 458752
http.byterange.memuse                                        | Total                     | 168384
http.byterange.memcap                                        | Total                     | 104857600
ippair.memuse                                                | Total                     | 398144
ippair.memcap                                                | Total                     | 16777216
host.memuse                                                  | Total                     | 382144
host.memcap                                                  | Total                     | 33554432
flow.memuse                                                  | Total                     | 7234304
---------------------------------------------------------------------------------------------------
Date: 8/31/2026 -- 23:42:11 (uptime: 0d, 00h 06m 09s)
---------------------------------------------------------------------------------------------------
Counter                                                      | TM Name                   | Value
---------------------------------------------------------------------------------------------------
capture.afpacket.polls                                       | Total                     | 13274
capture.afpacket.poll_timeout                                | Total                     | 13274
flow.mgr.full_hash_pass                                      | Total                     | 33
flow.mgr.rows_per_sec                                        | Total                     | 6553
flow.spare                                                   | Total                     | 10000
memcap.pressure                                              | Total                     | 5
memcap.pressure_max                                          | Total                     | 5
defrag.memuse                                                | Total                     | 33554432
tcp.memuse                                                   | Total                     | 2490368
tcp.reassembly_memuse                                        | Total                     | 458752
http.byterange.memuse                                        | Total                     | 168384
http.byterange.memcap                                        | Total                     | 104857600
ippair.memuse                                                | Total                     | 398144
ippair.memcap                                                | Total                     | 16777216
host.memuse                                                  | Total                     | 382144
host.memcap                                                  | Total                     | 33554432
flow.memuse                                                  | Total                     | 7234304
---------------------------------------------------------------------------------------------------
Date: 8/31/2026 -- 23:42:19 (uptime: 0d, 00h 06m 17s)
---------------------------------------------------------------------------------------------------
Counter                                                      | TM Name                   | Value
---------------------------------------------------------------------------------------------------
capture.afpacket.polls                                       | Total                     | 13634
capture.afpacket.poll_timeout                                | Total                     | 13634
flow.mgr.full_hash_pass                                      | Total                     | 34
flow.mgr.rows_per_sec                                        | Total                     | 6553
flow.spare                                                   | Total                     | 10000
memcap.pressure                                              | Total                     | 5
memcap.pressure_max                                          | Total                     | 5
defrag.memuse                                                | Total                     | 33554432
tcp.memuse                                                   | Total                     | 2490368
tcp.reassembly_memuse                                        | Total                     | 458752
http.byterange.memuse                                        | Total                     | 168384
http.byterange.memcap                                        | Total                     | 104857600
ippair.memuse                                                | Total                     | 398144
ippair.memcap                                                | Total                     | 16777216
host.memuse                                                  | Total                     | 382144
host.memcap                                                  | Total                     | 33554432
flow.memuse                                                  | Total                     | 7234304
---------------------------------------------------------------------------------------------------
Date: 8/31/2026 -- 23:42:27 (uptime: 0d, 00h 06m 25s)
---------------------------------------------------------------------------------------------------
Counter                                                      | TM Name                   | Value
---------------------------------------------------------------------------------------------------
capture.afpacket.polls                                       | Total                     | 13988
capture.afpacket.poll_timeout                                | Total                     | 13988
flow.mgr.full_hash_pass                                      | Total                     | 35
flow.mgr.rows_per_sec                                        | Total                     | 6553
flow.spare                                                   | Total                     | 10000
memcap.pressure                                              | Total                     | 5
memcap.pressure_max                                          | Total                     | 5
defrag.memuse                                                | Total                     | 33554432
tcp.memuse                                                   | Total                     | 2490368
tcp.reassembly_memuse                                        | Total                     | 458752
http.byterange.memuse                                        | Total                     | 168384
http.byterange.memcap                                        | Total                     | 104857600
ippair.memuse                                                | Total                     | 398144
ippair.memcap                                                | Total                     | 16777216
host.memuse                                                  | Total                     | 382144
host.memcap                                                  | Total                     | 33554432
flow.memuse                                                  | Total                     | 7234304
---------------------------------------------------------------------------------------------------
Date: 8/31/2026 -- 23:42:35 (uptime: 0d, 00h 06m 33s)
---------------------------------------------------------------------------------------------------
Counter                                                      | TM Name                   | Value
---------------------------------------------------------------------------------------------------
capture.afpacket.polls                                       | Total                     | 14225
capture.afpacket.poll_timeout                                | Total                     | 14225
flow.mgr.full_hash_pass                                      | Total                     | 35
flow.mgr.rows_per_sec                                        | Total                     | 6553
flow.spare                                                   | Total                     | 10000
memcap.pressure                                              | Total                     | 5
memcap.pressure_max                                          | Total                     | 5
defrag.memuse                                                | Total                     | 33554432
tcp.memuse                                                   | Total                     | 2490368
tcp.reassembly_memuse                                        | Total                     | 458752
http.byterange.memuse                                        | Total                     | 168384
http.byterange.memcap                                        | Total                     | 104857600
ippair.memuse                                                | Total                     | 398144
ippair.memcap                                                | Total                     | 16777216
host.memuse                                                  | Total                     | 382144
host.memcap                                                  | Total                     | 33554432
flow.memuse                                                  | Total                     | 7234304
---------------------------------------------------------------------------------------------------
Date: 8/31/2026 -- 23:42:43 (uptime: 0d, 00h 06m 41s)
---------------------------------------------------------------------------------------------------
Counter                                                      | TM Name                   | Value
---------------------------------------------------------------------------------------------------
capture.afpacket.polls                                       | Total                     | 14584
capture.afpacket.poll_timeout                                | Total                     | 14584
flow.mgr.full_hash_pass                                      | Total                     | 36
flow.mgr.rows_per_sec                                        | Total                     | 6553
flow.spare                                                   | Total                     | 10000
memcap.pressure                                              | Total                     | 5
memcap.pressure_max                                          | Total                     | 5
defrag.memuse                                                | Total                     | 33554432
tcp.memuse                                                   | Total                     | 2490368
tcp.reassembly_memuse                                        | Total                     | 458752
http.byterange.memuse                                        | Total                     | 168384
http.byterange.memcap                                        | Total                     | 104857600
ippair.memuse                                                | Total                     | 398144
ippair.memcap                                                | Total                     | 16777216
host.memuse                                                  | Total                     | 382144
host.memcap                                                  | Total                     | 33554432
flow.memuse                                                  | Total                     | 7234304
---------------------------------------------------------------------------------------------------
Date: 8/31/2026 -- 23:42:51 (uptime: 0d, 00h 06m 49s)
---------------------------------------------------------------------------------------------------
Counter                                                      | TM Name                   | Value
---------------------------------------------------------------------------------------------------
capture.afpacket.polls                                       | Total                     | 14941
capture.afpacket.poll_timeout                                | Total                     | 14941
flow.mgr.full_hash_pass                                      | Total                     | 37
flow.mgr.rows_per_sec                                        | Total                     | 6553
flow.spare                                                   | Total                     | 10000
memcap.pressure                                              | Total                     | 5
memcap.pressure_max                                          | Total                     | 5
defrag.memuse                                                | Total                     | 33554432
tcp.memuse                                                   | Total                     | 2490368
tcp.reassembly_memuse                                        | Total                     | 458752
http.byterange.memuse                                        | Total                     | 168384
http.byterange.memcap                                        | Total                     | 104857600
ippair.memuse                                                | Total                     | 398144
ippair.memcap                                                | Total                     | 16777216
host.memuse                                                  | Total                     | 382144
host.memcap                                                  | Total                     | 33554432
flow.memuse                                                  | Total                     | 7234304
---------------------------------------------------------------------------------------------------
Date: 8/31/2026 -- 23:42:59 (uptime: 0d, 00h 06m 57s)
---------------------------------------------------------------------------------------------------
Counter                                                      | TM Name                   | Value
---------------------------------------------------------------------------------------------------
capture.afpacket.polls                                       | Total                     | 15208
capture.afpacket.poll_timeout                                | Total                     | 15208
flow.mgr.full_hash_pass                                      | Total                     | 38
flow.mgr.rows_per_sec                                        | Total                     | 6553
flow.spare                                                   | Total                     | 10000
memcap.pressure                                              | Total                     | 5
memcap.pressure_max                                          | Total                     | 5
defrag.memuse                                                | Total                     | 33554432
tcp.memuse                                                   | Total                     | 2490368
tcp.reassembly_memuse                                        | Total                     | 458752
http.byterange.memuse                                        | Total                     | 168384
http.byterange.memcap                                        | Total                     | 104857600
ippair.memuse                                                | Total                     | 398144
ippair.memcap                                                | Total                     | 16777216
host.memuse                                                  | Total                     | 382144
host.memcap                                                  | Total                     | 33554432
flow.memuse                                                  | Total                     | 7234304
---------------------------------------------------------------------------------------------------
Date: 8/31/2026 -- 23:43:07 (uptime: 0d, 00h 07m 05s)
---------------------------------------------------------------------------------------------------
Counter                                                      | TM Name                   | Value
---------------------------------------------------------------------------------------------------
capture.afpacket.polls                                       | Total                     | 15537
capture.afpacket.poll_timeout                                | Total                     | 15537
flow.mgr.full_hash_pass                                      | Total                     | 39
flow.mgr.rows_per_sec                                        | Total                     | 6553
flow.spare                                                   | Total                     | 10000
memcap.pressure                                              | Total                     | 5
memcap.pressure_max                                          | Total                     | 5
defrag.memuse                                                | Total                     | 33554432
tcp.memuse                                                   | Total                     | 2490368
tcp.reassembly_memuse                                        | Total                     | 458752
http.byterange.memuse                                        | Total                     | 168384
http.byterange.memcap                                        | Total                     | 104857600
ippair.memuse                                                | Total                     | 398144
ippair.memcap                                                | Total                     | 16777216
host.memuse                                                  | Total                     | 382144
host.memcap                                                  | Total                     | 33554432
flow.memuse                                                  | Total                     | 7234304
---------------------------------------------------------------------------------------------------
Date: 8/31/2026 -- 23:43:15 (uptime: 0d, 00h 07m 13s)
---------------------------------------------------------------------------------------------------
Counter                                                      | TM Name                   | Value
---------------------------------------------------------------------------------------------------
capture.afpacket.polls                                       | Total                     | 15895
capture.afpacket.poll_timeout                                | Total                     | 15895
flow.mgr.full_hash_pass                                      | Total                     | 40
flow.mgr.rows_per_sec                                        | Total                     | 6553
flow.spare                                                   | Total                     | 10000
memcap.pressure                                              | Total                     | 5
memcap.pressure_max                                          | Total                     | 5
defrag.memuse                                                | Total                     | 33554432
tcp.memuse                                                   | Total                     | 2490368
tcp.reassembly_memuse                                        | Total                     | 458752
http.byterange.memuse                                        | Total                     | 168384
http.byterange.memcap                                        | Total                     | 104857600
ippair.memuse                                                | Total                     | 398144
ippair.memcap                                                | Total                     | 16777216
host.memuse                                                  | Total                     | 382144
host.memcap                                                  | Total                     | 33554432
flow.memuse                                                  | Total                     | 7234304
---------------------------------------------------------------------------------------------------
Date: 8/31/2026 -- 23:43:23 (uptime: 0d, 00h 07m 21s)
---------------------------------------------------------------------------------------------------
Counter                                                      | TM Name                   | Value
---------------------------------------------------------------------------------------------------
capture.afpacket.polls                                       | Total                     | 16133
capture.afpacket.poll_timeout                                | Total                     | 16133
flow.mgr.full_hash_pass                                      | Total                     | 40
flow.mgr.rows_per_sec                                        | Total                     | 6553
flow.spare                                                   | Total                     | 10000
memcap.pressure                                              | Total                     | 5
memcap.pressure_max                                          | Total                     | 5
defrag.memuse                                                | Total                     | 33554432
tcp.memuse                                                   | Total                     | 2490368
tcp.reassembly_memuse                                        | Total                     | 458752
http.byterange.memuse                                        | Total                     | 168384
http.byterange.memcap                                        | Total                     | 104857600
ippair.memuse                                                | Total                     | 398144
ippair.memcap                                                | Total                     | 16777216
host.memuse                                                  | Total                     | 382144
host.memcap                                                  | Total                     | 33554432
flow.memuse                                                  | Total                     | 7234304
---------------------------------------------------------------------------------------------------
Date: 8/31/2026 -- 23:43:31 (uptime: 0d, 00h 07m 29s)
---------------------------------------------------------------------------------------------------
Counter                                                      | TM Name                   | Value
---------------------------------------------------------------------------------------------------
capture.afpacket.polls                                       | Total                     | 16491
capture.afpacket.poll_timeout                                | Total                     | 16491
flow.mgr.full_hash_pass                                      | Total                     | 41
flow.mgr.rows_per_sec                                        | Total                     | 6553
flow.spare                                                   | Total                     | 10000
memcap.pressure                                              | Total                     | 5
memcap.pressure_max                                          | Total                     | 5
defrag.memuse                                                | Total                     | 33554432
tcp.memuse                                                   | Total                     | 2490368
tcp.reassembly_memuse                                        | Total                     | 458752
http.byterange.memuse                                        | Total                     | 168384
http.byterange.memcap                                        | Total                     | 104857600
ippair.memuse                                                | Total                     | 398144
ippair.memcap                                                | Total                     | 16777216
host.memuse                                                  | Total                     | 382144
host.memcap                                                  | Total                     | 33554432
flow.memuse                                                  | Total                     | 7234304
---------------------------------------------------------------------------------------------------
Date: 8/31/2026 -- 23:43:39 (uptime: 0d, 00h 07m 37s)
---------------------------------------------------------------------------------------------------
Counter                                                      | TM Name                   | Value
---------------------------------------------------------------------------------------------------
capture.afpacket.polls                                       | Total                     | 16849
capture.afpacket.poll_timeout                                | Total                     | 16849
flow.mgr.full_hash_pass                                      | Total                     | 42
flow.mgr.rows_per_sec                                        | Total                     | 6553
flow.spare                                                   | Total                     | 10000
memcap.pressure                                              | Total                     | 5
memcap.pressure_max                                          | Total                     | 5
defrag.memuse                                                | Total                     | 33554432
tcp.memuse                                                   | Total                     | 2490368
tcp.reassembly_memuse                                        | Total                     | 458752
http.byterange.memuse                                        | Total                     | 168384
http.byterange.memcap                                        | Total                     | 104857600
ippair.memuse                                                | Total                     | 398144
ippair.memcap                                                | Total                     | 16777216
host.memuse                                                  | Total                     | 382144
host.memcap                                                  | Total                     | 33554432
flow.memuse                                                  | Total                     | 7234304
---------------------------------------------------------------------------------------------------
Date: 8/31/2026 -- 23:43:47 (uptime: 0d, 00h 07m 45s)
---------------------------------------------------------------------------------------------------
Counter                                                      | TM Name                   | Value
---------------------------------------------------------------------------------------------------
capture.afpacket.polls                                       | Total                     | 17109
capture.afpacket.poll_timeout                                | Total                     | 17109
flow.mgr.full_hash_pass                                      | Total                     | 43
flow.mgr.rows_per_sec                                        | Total                     | 6553
flow.spare                                                   | Total                     | 10000
memcap.pressure                                              | Total                     | 5
memcap.pressure_max                                          | Total                     | 5
defrag.memuse                                                | Total                     | 33554432
tcp.memuse                                                   | Total                     | 2490368
tcp.reassembly_memuse                                        | Total                     | 458752
http.byterange.memuse                                        | Total                     | 168384
http.byterange.memcap                                        | Total                     | 104857600
ippair.memuse                                                | Total                     | 398144
ippair.memcap                                                | Total                     | 16777216
host.memuse                                                  | Total                     | 382144
host.memcap                                                  | Total                     | 33554432
flow.memuse                                                  | Total                     | 7234304
---------------------------------------------------------------------------------------------------
Date: 8/31/2026 -- 23:43:55 (uptime: 0d, 00h 07m 53s)
---------------------------------------------------------------------------------------------------
Counter                                                      | TM Name                   | Value
---------------------------------------------------------------------------------------------------
capture.afpacket.polls                                       | Total                     | 17469
capture.afpacket.poll_timeout                                | Total                     | 17469
flow.mgr.full_hash_pass                                      | Total                     | 43
flow.mgr.rows_per_sec                                        | Total                     | 6553
flow.spare                                                   | Total                     | 10000
memcap.pressure                                              | Total                     | 5
memcap.pressure_max                                          | Total                     | 5
defrag.memuse                                                | Total                     | 33554432
tcp.memuse                                                   | Total                     | 2490368
tcp.reassembly_memuse                                        | Total                     | 458752
http.byterange.memuse                                        | Total                     | 168384
http.byterange.memcap                                        | Total                     | 104857600
ippair.memuse                                                | Total                     | 398144
ippair.memcap                                                | Total                     | 16777216
host.memuse                                                  | Total                     | 382144
host.memcap                                                  | Total                     | 33554432
flow.memuse                                                  | Total                     | 7234304
---------------------------------------------------------------------------------------------------
Date: 8/31/2026 -- 23:44:03 (uptime: 0d, 00h 08m 01s)
---------------------------------------------------------------------------------------------------
Counter                                                      | TM Name                   | Value
---------------------------------------------------------------------------------------------------
capture.afpacket.polls                                       | Total                     | 17825
capture.afpacket.poll_timeout                                | Total                     | 17825
flow.mgr.full_hash_pass                                      | Total                     | 44
flow.mgr.rows_per_sec                                        | Total                     | 6553
flow.spare                                                   | Total                     | 10000
memcap.pressure                                              | Total                     | 5
memcap.pressure_max                                          | Total                     | 5
defrag.memuse                                                | Total                     | 33554432
tcp.memuse                                                   | Total                     | 2490368
tcp.reassembly_memuse                                        | Total                     | 458752
http.byterange.memuse                                        | Total                     | 168384
http.byterange.memcap                                        | Total                     | 104857600
ippair.memuse                                                | Total                     | 398144
ippair.memcap                                                | Total                     | 16777216
host.memuse                                                  | Total                     | 382144
host.memcap                                                  | Total                     | 33554432
flow.memuse                                                  | Total                     | 7234304
---------------------------------------------------------------------------------------------------
Date: 8/31/2026 -- 23:44:11 (uptime: 0d, 00h 08m 09s)
---------------------------------------------------------------------------------------------------
Counter                                                      | TM Name                   | Value
---------------------------------------------------------------------------------------------------
capture.afpacket.polls                                       | Total                     | 18063
capture.afpacket.poll_timeout                                | Total                     | 18063
flow.mgr.full_hash_pass                                      | Total                     | 45
flow.mgr.rows_per_sec                                        | Total                     | 6553
flow.spare                                                   | Total                     | 10000
memcap.pressure                                              | Total                     | 5
memcap.pressure_max                                          | Total                     | 5
defrag.memuse                                                | Total                     | 33554432
tcp.memuse                                                   | Total                     | 2490368
tcp.reassembly_memuse                                        | Total                     | 458752
http.byterange.memuse                                        | Total                     | 168384
http.byterange.memcap                                        | Total                     | 104857600
ippair.memuse                                                | Total                     | 398144
ippair.memcap                                                | Total                     | 16777216
host.memuse                                                  | Total                     | 382144
host.memcap                                                  | Total                     | 33554432
flow.memuse                                                  | Total                     | 7234304
---------------------------------------------------------------------------------------------------
Date: 8/31/2026 -- 23:44:19 (uptime: 0d, 00h 08m 17s)
---------------------------------------------------------------------------------------------------
Counter                                                      | TM Name                   | Value
---------------------------------------------------------------------------------------------------
capture.afpacket.polls                                       | Total                     | 18421
capture.afpacket.poll_timeout                                | Total                     | 18421
flow.mgr.full_hash_pass                                      | Total                     | 46
flow.mgr.rows_per_sec                                        | Total                     | 6553
flow.spare                                                   | Total                     | 10000
memcap.pressure                                              | Total                     | 5
memcap.pressure_max                                          | Total                     | 5
defrag.memuse                                                | Total                     | 33554432
tcp.memuse                                                   | Total                     | 2490368
tcp.reassembly_memuse                                        | Total                     | 458752
http.byterange.memuse                                        | Total                     | 168384
http.byterange.memcap                                        | Total                     | 104857600
ippair.memuse                                                | Total                     | 398144
ippair.memcap                                                | Total                     | 16777216
host.memuse                                                  | Total                     | 382144
host.memcap                                                  | Total                     | 33554432
flow.memuse                                                  | Total                     | 7234304
---------------------------------------------------------------------------------------------------
Date: 8/31/2026 -- 23:44:27 (uptime: 0d, 00h 08m 25s)
---------------------------------------------------------------------------------------------------
Counter                                                      | TM Name                   | Value
---------------------------------------------------------------------------------------------------
capture.afpacket.polls                                       | Total                     | 18777
capture.afpacket.poll_timeout                                | Total                     | 18777
flow.mgr.full_hash_pass                                      | Total                     | 47
flow.mgr.rows_per_sec                                        | Total                     | 6553
flow.spare                                                   | Total                     | 10000
memcap.pressure                                              | Total                     | 5
memcap.pressure_max                                          | Total                     | 5
defrag.memuse                                                | Total                     | 33554432
tcp.memuse                                                   | Total                     | 2490368
tcp.reassembly_memuse                                        | Total                     | 458752
http.byterange.memuse                                        | Total                     | 168384
http.byterange.memcap                                        | Total                     | 104857600
ippair.memuse                                                | Total                     | 398144
ippair.memcap                                                | Total                     | 16777216
host.memuse                                                  | Total                     | 382144
host.memcap                                                  | Total                     | 33554432
flow.memuse                                                  | Total                     | 7234304
---------------------------------------------------------------------------------------------------
Date: 8/31/2026 -- 23:44:35 (uptime: 0d, 00h 08m 33s)
---------------------------------------------------------------------------------------------------
Counter                                                      | TM Name                   | Value
---------------------------------------------------------------------------------------------------
capture.afpacket.polls                                       | Total                     | 19017
capture.afpacket.poll_timeout                                | Total                     | 19017
flow.mgr.full_hash_pass                                      | Total                     | 47
flow.mgr.rows_per_sec                                        | Total                     | 6553
flow.spare                                                   | Total                     | 10000
memcap.pressure                                              | Total                     | 5
memcap.pressure_max                                          | Total                     | 5
defrag.memuse                                                | Total                     | 33554432
tcp.memuse                                                   | Total                     | 2490368
tcp.reassembly_memuse                                        | Total                     | 458752
http.byterange.memuse                                        | Total                     | 168384
http.byterange.memcap                                        | Total                     | 104857600
ippair.memuse                                                | Total                     | 398144
ippair.memcap                                                | Total                     | 16777216
host.memuse                                                  | Total                     | 382144
host.memcap                                                  | Total                     | 33554432
flow.memuse                                                  | Total                     | 7234304
---------------------------------------------------------------------------------------------------
Date: 8/31/2026 -- 23:44:43 (uptime: 0d, 00h 08m 41s)
---------------------------------------------------------------------------------------------------
Counter                                                      | TM Name                   | Value
---------------------------------------------------------------------------------------------------
capture.afpacket.polls                                       | Total                     | 19373
capture.afpacket.poll_timeout                                | Total                     | 19373
flow.mgr.full_hash_pass                                      | Total                     | 48
flow.mgr.rows_per_sec                                        | Total                     | 6553
flow.spare                                                   | Total                     | 10000
memcap.pressure                                              | Total                     | 5
memcap.pressure_max                                          | Total                     | 5
defrag.memuse                                                | Total                     | 33554432
tcp.memuse                                                   | Total                     | 2490368
tcp.reassembly_memuse                                        | Total                     | 458752
http.byterange.memuse                                        | Total                     | 168384
http.byterange.memcap                                        | Total                     | 104857600
ippair.memuse                                                | Total                     | 398144
ippair.memcap                                                | Total                     | 16777216
host.memuse                                                  | Total                     | 382144
host.memcap                                                  | Total                     | 33554432
flow.memuse                                                  | Total                     | 7234304
---------------------------------------------------------------------------------------------------
Date: 8/31/2026 -- 23:44:51 (uptime: 0d, 00h 08m 49s)
---------------------------------------------------------------------------------------------------
Counter                                                      | TM Name                   | Value
---------------------------------------------------------------------------------------------------
capture.afpacket.polls                                       | Total                     | 19729
capture.afpacket.poll_timeout                                | Total                     | 19729
flow.mgr.full_hash_pass                                      | Total                     | 49
flow.mgr.rows_per_sec                                        | Total                     | 6553
flow.spare                                                   | Total                     | 10000
memcap.pressure                                              | Total                     | 5
memcap.pressure_max                                          | Total                     | 5
defrag.memuse                                                | Total                     | 33554432
tcp.memuse                                                   | Total                     | 2490368
tcp.reassembly_memuse                                        | Total                     | 458752
http.byterange.memuse                                        | Total                     | 168384
http.byterange.memcap                                        | Total                     | 104857600
ippair.memuse                                                | Total                     | 398144
ippair.memcap                                                | Total                     | 16777216
host.memuse                                                  | Total                     | 382144
host.memcap                                                  | Total                     | 33554432
flow.memuse                                                  | Total                     | 7234304
---------------------------------------------------------------------------------------------------
Date: 8/31/2026 -- 23:44:59 (uptime: 0d, 00h 08m 57s)
---------------------------------------------------------------------------------------------------
Counter                                                      | TM Name                   | Value
---------------------------------------------------------------------------------------------------
capture.afpacket.polls                                       | Total                     | 19969
capture.afpacket.poll_timeout                                | Total                     | 19969
flow.mgr.full_hash_pass                                      | Total                     | 50
flow.mgr.rows_per_sec                                        | Total                     | 6553
flow.spare                                                   | Total                     | 10000
memcap.pressure                                              | Total                     | 5
memcap.pressure_max                                          | Total                     | 5
defrag.memuse                                                | Total                     | 33554432
tcp.memuse                                                   | Total                     | 2490368
tcp.reassembly_memuse                                        | Total                     | 458752
http.byterange.memuse                                        | Total                     | 168384
http.byterange.memcap                                        | Total                     | 104857600
ippair.memuse                                                | Total                     | 398144
ippair.memcap                                                | Total                     | 16777216
host.memuse                                                  | Total                     | 382144
host.memcap                                                  | Total                     | 33554432
flow.memuse                                                  | Total                     | 7234304
---------------------------------------------------------------------------------------------------
Date: 8/31/2026 -- 23:45:07 (uptime: 0d, 00h 09m 05s)
---------------------------------------------------------------------------------------------------
Counter                                                      | TM Name                   | Value
---------------------------------------------------------------------------------------------------
capture.afpacket.polls                                       | Total                     | 20325
capture.afpacket.poll_timeout                                | Total                     | 20325
flow.mgr.full_hash_pass                                      | Total                     | 51
flow.mgr.rows_per_sec                                        | Total                     | 6553
flow.spare                                                   | Total                     | 10000
memcap.pressure                                              | Total                     | 5
memcap.pressure_max                                          | Total                     | 5
defrag.memuse                                                | Total                     | 33554432
tcp.memuse                                                   | Total                     | 2490368
tcp.reassembly_memuse                                        | Total                     | 458752
http.byterange.memuse                                        | Total                     | 168384
http.byterange.memcap                                        | Total                     | 104857600
ippair.memuse                                                | Total                     | 398144
ippair.memcap                                                | Total                     | 16777216
host.memuse                                                  | Total                     | 382144
host.memcap                                                  | Total                     | 33554432
flow.memuse                                                  | Total                     | 7234304
---------------------------------------------------------------------------------------------------
Date: 8/31/2026 -- 23:45:15 (uptime: 0d, 00h 09m 13s)
---------------------------------------------------------------------------------------------------
Counter                                                      | TM Name                   | Value
---------------------------------------------------------------------------------------------------
capture.afpacket.polls                                       | Total                     | 20685
capture.afpacket.poll_timeout                                | Total                     | 20685
flow.mgr.full_hash_pass                                      | Total                     | 52
flow.mgr.rows_per_sec                                        | Total                     | 6553
flow.spare                                                   | Total                     | 10000
memcap.pressure                                              | Total                     | 5
memcap.pressure_max                                          | Total                     | 5
defrag.memuse                                                | Total                     | 33554432
tcp.memuse                                                   | Total                     | 2490368
tcp.reassembly_memuse                                        | Total                     | 458752
http.byterange.memuse                                        | Total                     | 168384
http.byterange.memcap                                        | Total                     | 104857600
ippair.memuse                                                | Total                     | 398144
ippair.memcap                                                | Total                     | 16777216
host.memuse                                                  | Total                     | 382144
host.memcap                                                  | Total                     | 33554432
flow.memuse                                                  | Total                     | 7234304
---------------------------------------------------------------------------------------------------
Date: 8/31/2026 -- 23:45:23 (uptime: 0d, 00h 09m 21s)
---------------------------------------------------------------------------------------------------
Counter                                                      | TM Name                   | Value
---------------------------------------------------------------------------------------------------
capture.afpacket.polls                                       | Total                     | 20923
capture.afpacket.poll_timeout                                | Total                     | 20923
flow.mgr.full_hash_pass                                      | Total                     | 52
flow.mgr.rows_per_sec                                        | Total                     | 6553
flow.spare                                                   | Total                     | 10000
memcap.pressure                                              | Total                     | 5
memcap.pressure_max                                          | Total                     | 5
defrag.memuse                                                | Total                     | 33554432
tcp.memuse                                                   | Total                     | 2490368
tcp.reassembly_memuse                                        | Total                     | 458752
http.byterange.memuse                                        | Total                     | 168384
http.byterange.memcap                                        | Total                     | 104857600
ippair.memuse                                                | Total                     | 398144
ippair.memcap                                                | Total                     | 16777216
host.memuse                                                  | Total                     | 382144
host.memcap                                                  | Total                     | 33554432
flow.memuse                                                  | Total                     | 7234304
---------------------------------------------------------------------------------------------------
Date: 8/31/2026 -- 23:45:31 (uptime: 0d, 00h 09m 29s)
---------------------------------------------------------------------------------------------------
Counter                                                      | TM Name                   | Value
---------------------------------------------------------------------------------------------------
capture.afpacket.polls                                       | Total                     | 21280
capture.afpacket.poll_timeout                                | Total                     | 21280
flow.mgr.full_hash_pass                                      | Total                     | 53
flow.mgr.rows_per_sec                                        | Total                     | 6553
flow.spare                                                   | Total                     | 10000
memcap.pressure                                              | Total                     | 5
memcap.pressure_max                                          | Total                     | 5
defrag.memuse                                                | Total                     | 33554432
tcp.memuse                                                   | Total                     | 2490368
tcp.reassembly_memuse                                        | Total                     | 458752
http.byterange.memuse                                        | Total                     | 168384
http.byterange.memcap                                        | Total                     | 104857600
ippair.memuse                                                | Total                     | 398144
ippair.memcap                                                | Total                     | 16777216
host.memuse                                                  | Total                     | 382144
host.memcap                                                  | Total                     | 33554432
flow.memuse                                                  | Total                     | 7234304
---------------------------------------------------------------------------------------------------
Date: 8/31/2026 -- 23:45:39 (uptime: 0d, 00h 09m 37s)
---------------------------------------------------------------------------------------------------
Counter                                                      | TM Name                   | Value
---------------------------------------------------------------------------------------------------
capture.afpacket.polls                                       | Total                     | 21637
capture.afpacket.poll_timeout                                | Total                     | 21637
flow.mgr.full_hash_pass                                      | Total                     | 54
flow.mgr.rows_per_sec                                        | Total                     | 6553
flow.spare                                                   | Total                     | 10000
memcap.pressure                                              | Total                     | 5
memcap.pressure_max                                          | Total                     | 5
defrag.memuse                                                | Total                     | 33554432
tcp.memuse                                                   | Total                     | 2490368
tcp.reassembly_memuse                                        | Total                     | 458752
http.byterange.memuse                                        | Total                     | 168384
http.byterange.memcap                                        | Total                     | 104857600
ippair.memuse                                                | Total                     | 398144
ippair.memcap                                                | Total                     | 16777216
host.memuse                                                  | Total                     | 382144
host.memcap                                                  | Total                     | 33554432
flow.memuse                                                  | Total                     | 7234304
---------------------------------------------------------------------------------------------------
Date: 8/31/2026 -- 23:45:47 (uptime: 0d, 00h 09m 45s)
---------------------------------------------------------------------------------------------------
Counter                                                      | TM Name                   | Value
---------------------------------------------------------------------------------------------------
capture.afpacket.polls                                       | Total                     | 21876
capture.afpacket.poll_timeout                                | Total                     | 21876
flow.mgr.full_hash_pass                                      | Total                     | 55
flow.mgr.rows_per_sec                                        | Total                     | 6553
flow.spare                                                   | Total                     | 10000
memcap.pressure                                              | Total                     | 5
memcap.pressure_max                                          | Total                     | 5
defrag.memuse                                                | Total                     | 33554432
tcp.memuse                                                   | Total                     | 2490368
tcp.reassembly_memuse                                        | Total                     | 458752
http.byterange.memuse                                        | Total                     | 168384
http.byterange.memcap                                        | Total                     | 104857600
ippair.memuse                                                | Total                     | 398144
ippair.memcap                                                | Total                     | 16777216
host.memuse                                                  | Total                     | 382144
host.memcap                                                  | Total                     | 33554432
flow.memuse                                                  | Total                     | 7234304
---------------------------------------------------------------------------------------------------
Date: 8/31/2026 -- 23:45:55 (uptime: 0d, 00h 09m 53s)
---------------------------------------------------------------------------------------------------
Counter                                                      | TM Name                   | Value
---------------------------------------------------------------------------------------------------
capture.afpacket.polls                                       | Total                     | 22233
capture.afpacket.poll_timeout                                | Total                     | 22233
flow.mgr.full_hash_pass                                      | Total                     | 55
flow.mgr.rows_per_sec                                        | Total                     | 6553
flow.spare                                                   | Total                     | 10000
memcap.pressure                                              | Total                     | 5
memcap.pressure_max                                          | Total                     | 5
defrag.memuse                                                | Total                     | 33554432
tcp.memuse                                                   | Total                     | 2490368
tcp.reassembly_memuse                                        | Total                     | 458752
http.byterange.memuse                                        | Total                     | 168384
http.byterange.memcap                                        | Total                     | 104857600
ippair.memuse                                                | Total                     | 398144
ippair.memcap                                                | Total                     | 16777216
host.memuse                                                  | Total                     | 382144
host.memcap                                                  | Total                     | 33554432
flow.memuse                                                  | Total                     | 7234304
---------------------------------------------------------------------------------------------------
Date: 8/31/2026 -- 23:46:03 (uptime: 0d, 00h 10m 01s)
---------------------------------------------------------------------------------------------------
Counter                                                      | TM Name                   | Value
---------------------------------------------------------------------------------------------------
capture.afpacket.polls                                       | Total                     | 22592
capture.afpacket.poll_timeout                                | Total                     | 22592
flow.mgr.full_hash_pass                                      | Total                     | 56
flow.mgr.rows_per_sec                                        | Total                     | 6553
flow.spare                                                   | Total                     | 10000
memcap.pressure                                              | Total                     | 5
memcap.pressure_max                                          | Total                     | 5
defrag.memuse                                                | Total                     | 33554432
tcp.memuse                                                   | Total                     | 2490368
tcp.reassembly_memuse                                        | Total                     | 458752
http.byterange.memuse                                        | Total                     | 168384
http.byterange.memcap                                        | Total                     | 104857600
ippair.memuse                                                | Total                     | 398144
ippair.memcap                                                | Total                     | 16777216
host.memuse                                                  | Total                     | 382144
host.memcap                                                  | Total                     | 33554432
flow.memuse                                                  | Total                     | 7234304
---------------------------------------------------------------------------------------------------
Date: 8/31/2026 -- 23:46:11 (uptime: 0d, 00h 10m 09s)
---------------------------------------------------------------------------------------------------
Counter                                                      | TM Name                   | Value
---------------------------------------------------------------------------------------------------
capture.afpacket.polls                                       | Total                     | 22829
capture.afpacket.poll_timeout                                | Total                     | 22829
flow.mgr.full_hash_pass                                      | Total                     | 57
flow.mgr.rows_per_sec                                        | Total                     | 6553
flow.spare                                                   | Total                     | 10000
memcap.pressure                                              | Total                     | 5
memcap.pressure_max                                          | Total                     | 5
defrag.memuse                                                | Total                     | 33554432
tcp.memuse                                                   | Total                     | 2490368
tcp.reassembly_memuse                                        | Total                     | 458752
http.byterange.memuse                                        | Total                     | 168384
http.byterange.memcap                                        | Total                     | 104857600
ippair.memuse                                                | Total                     | 398144
ippair.memcap                                                | Total                     | 16777216
host.memuse                                                  | Total                     | 382144
host.memcap                                                  | Total                     | 33554432
flow.memuse                                                  | Total                     | 7234304
---------------------------------------------------------------------------------------------------
Date: 8/31/2026 -- 23:46:19 (uptime: 0d, 00h 10m 17s)
---------------------------------------------------------------------------------------------------
Counter                                                      | TM Name                   | Value
---------------------------------------------------------------------------------------------------
capture.afpacket.polls                                       | Total                     | 23186
capture.afpacket.poll_timeout                                | Total                     | 23186
flow.mgr.full_hash_pass                                      | Total                     | 58
flow.mgr.rows_per_sec                                        | Total                     | 6553
flow.spare                                                   | Total                     | 10000
memcap.pressure                                              | Total                     | 5
memcap.pressure_max                                          | Total                     | 5
defrag.memuse                                                | Total                     | 33554432
tcp.memuse                                                   | Total                     | 2490368
tcp.reassembly_memuse                                        | Total                     | 458752
http.byterange.memuse                                        | Total                     | 168384
http.byterange.memcap                                        | Total                     | 104857600
ippair.memuse                                                | Total                     | 398144
ippair.memcap                                                | Total                     | 16777216
host.memuse                                                  | Total                     | 382144
host.memcap                                                  | Total                     | 33554432
flow.memuse                                                  | Total                     | 7234304
---------------------------------------------------------------------------------------------------
Date: 8/31/2026 -- 23:46:27 (uptime: 0d, 00h 10m 25s)
---------------------------------------------------------------------------------------------------
Counter                                                      | TM Name                   | Value
---------------------------------------------------------------------------------------------------
capture.afpacket.polls                                       | Total                     | 23545
capture.afpacket.poll_timeout                                | Total                     | 23545
flow.mgr.full_hash_pass                                      | Total                     | 59
flow.mgr.rows_per_sec                                        | Total                     | 6553
flow.spare                                                   | Total                     | 10000
memcap.pressure                                              | Total                     | 5
memcap.pressure_max                                          | Total                     | 5
defrag.memuse                                                | Total                     | 33554432
tcp.memuse                                                   | Total                     | 2490368
tcp.reassembly_memuse                                        | Total                     | 458752
http.byterange.memuse                                        | Total                     | 168384
http.byterange.memcap                                        | Total                     | 104857600
ippair.memuse                                                | Total                     | 398144
ippair.memcap                                                | Total                     | 16777216
host.memuse                                                  | Total                     | 382144
host.memcap                                                  | Total                     | 33554432
flow.memuse                                                  | Total                     | 7234304
---------------------------------------------------------------------------------------------------
Date: 8/31/2026 -- 23:46:35 (uptime: 0d, 00h 10m 33s)
---------------------------------------------------------------------------------------------------
Counter                                                      | TM Name                   | Value
---------------------------------------------------------------------------------------------------
capture.afpacket.polls                                       | Total                     | 23784
capture.afpacket.poll_timeout                                | Total                     | 23784
flow.mgr.full_hash_pass                                      | Total                     | 59
flow.mgr.rows_per_sec                                        | Total                     | 6553
flow.spare                                                   | Total                     | 10000
memcap.pressure                                              | Total                     | 5
memcap.pressure_max                                          | Total                     | 5
defrag.memuse                                                | Total                     | 33554432
tcp.memuse                                                   | Total                     | 2490368
tcp.reassembly_memuse                                        | Total                     | 458752
http.byterange.memuse                                        | Total                     | 168384
http.byterange.memcap                                        | Total                     | 104857600
ippair.memuse                                                | Total                     | 398144
ippair.memcap                                                | Total                     | 16777216
host.memuse                                                  | Total                     | 382144
host.memcap                                                  | Total                     | 33554432
flow.memuse                                                  | Total                     | 7234304
---------------------------------------------------------------------------------------------------
Date: 8/31/2026 -- 23:46:43 (uptime: 0d, 00h 10m 41s)
---------------------------------------------------------------------------------------------------
Counter                                                      | TM Name                   | Value
---------------------------------------------------------------------------------------------------
capture.afpacket.polls                                       | Total                     | 24141
capture.afpacket.poll_timeout                                | Total                     | 24141
flow.mgr.full_hash_pass                                      | Total                     | 60
flow.mgr.rows_per_sec                                        | Total                     | 6553
flow.spare                                                   | Total                     | 10000
memcap.pressure                                              | Total                     | 5
memcap.pressure_max                                          | Total                     | 5
defrag.memuse                                                | Total                     | 33554432
tcp.memuse                                                   | Total                     | 2490368
tcp.reassembly_memuse                                        | Total                     | 458752
http.byterange.memuse                                        | Total                     | 168384
http.byterange.memcap                                        | Total                     | 104857600
ippair.memuse                                                | Total                     | 398144
ippair.memcap                                                | Total                     | 16777216
host.memuse                                                  | Total                     | 382144
host.memcap                                                  | Total                     | 33554432
flow.memuse                                                  | Total                     | 7234304
---------------------------------------------------------------------------------------------------
Date: 8/31/2026 -- 23:46:51 (uptime: 0d, 00h 10m 49s)
---------------------------------------------------------------------------------------------------
Counter                                                      | TM Name                   | Value
---------------------------------------------------------------------------------------------------
capture.afpacket.polls                                       | Total                     | 24499
capture.afpacket.poll_timeout                                | Total                     | 24499
flow.mgr.full_hash_pass                                      | Total                     | 61
flow.mgr.rows_per_sec                                        | Total                     | 6553
flow.spare                                                   | Total                     | 10000
memcap.pressure                                              | Total                     | 5
memcap.pressure_max                                          | Total                     | 5
defrag.memuse                                                | Total                     | 33554432
tcp.memuse                                                   | Total                     | 2490368
tcp.reassembly_memuse                                        | Total                     | 458752
http.byterange.memuse                                        | Total                     | 168384
http.byterange.memcap                                        | Total                     | 104857600
ippair.memuse                                                | Total                     | 398144
ippair.memcap                                                | Total                     | 16777216
host.memuse                                                  | Total                     | 382144
host.memcap                                                  | Total                     | 33554432
flow.memuse                                                  | Total                     | 7234304
---------------------------------------------------------------------------------------------------
Date: 8/31/2026 -- 23:46:59 (uptime: 0d, 00h 10m 57s)
---------------------------------------------------------------------------------------------------
Counter                                                      | TM Name                   | Value
---------------------------------------------------------------------------------------------------
capture.afpacket.polls                                       | Total                     | 24736
capture.afpacket.poll_timeout                                | Total                     | 24736
flow.mgr.full_hash_pass                                      | Total                     | 62
flow.mgr.rows_per_sec                                        | Total                     | 6553
flow.spare                                                   | Total                     | 10000
memcap.pressure                                              | Total                     | 5
memcap.pressure_max                                          | Total                     | 5
defrag.memuse                                                | Total                     | 33554432
tcp.memuse                                                   | Total                     | 2490368
tcp.reassembly_memuse                                        | Total                     | 458752
http.byterange.memuse                                        | Total                     | 168384
http.byterange.memcap                                        | Total                     | 104857600
ippair.memuse                                                | Total                     | 398144
ippair.memcap                                                | Total                     | 16777216
host.memuse                                                  | Total                     | 382144
host.memcap                                                  | Total                     | 33554432
flow.memuse                                                  | Total                     | 7234304
---------------------------------------------------------------------------------------------------
Date: 8/31/2026 -- 23:47:07 (uptime: 0d, 00h 11m 05s)
---------------------------------------------------------------------------------------------------
Counter                                                      | TM Name                   | Value
---------------------------------------------------------------------------------------------------
capture.afpacket.polls                                       | Total                     | 25095
capture.afpacket.poll_timeout                                | Total                     | 25095
flow.mgr.full_hash_pass                                      | Total                     | 63
flow.mgr.rows_per_sec                                        | Total                     | 6553
flow.spare                                                   | Total                     | 10000
memcap.pressure                                              | Total                     | 5
memcap.pressure_max                                          | Total                     | 5
defrag.memuse                                                | Total                     | 33554432
tcp.memuse                                                   | Total                     | 2490368
tcp.reassembly_memuse                                        | Total                     | 458752
http.byterange.memuse                                        | Total                     | 168384
http.byterange.memcap                                        | Total                     | 104857600
ippair.memuse                                                | Total                     | 398144
ippair.memcap                                                | Total                     | 16777216
host.memuse                                                  | Total                     | 382144
host.memcap                                                  | Total                     | 33554432
flow.memuse                                                  | Total                     | 7234304
---------------------------------------------------------------------------------------------------
Date: 8/31/2026 -- 23:47:15 (uptime: 0d, 00h 11m 13s)
---------------------------------------------------------------------------------------------------
Counter                                                      | TM Name                   | Value
---------------------------------------------------------------------------------------------------
capture.afpacket.polls                                       | Total                     | 25452
capture.afpacket.poll_timeout                                | Total                     | 25452
flow.mgr.full_hash_pass                                      | Total                     | 64
flow.mgr.rows_per_sec                                        | Total                     | 6553
flow.spare                                                   | Total                     | 10000
memcap.pressure                                              | Total                     | 5
memcap.pressure_max                                          | Total                     | 5
defrag.memuse                                                | Total                     | 33554432
tcp.memuse                                                   | Total                     | 2490368
tcp.reassembly_memuse                                        | Total                     | 458752
http.byterange.memuse                                        | Total                     | 168384
http.byterange.memcap                                        | Total                     | 104857600
ippair.memuse                                                | Total                     | 398144
ippair.memcap                                                | Total                     | 16777216
host.memuse                                                  | Total                     | 382144
host.memcap                                                  | Total                     | 33554432
flow.memuse                                                  | Total                     | 7234304
---------------------------------------------------------------------------------------------------
Date: 8/31/2026 -- 23:47:39 (uptime: 0d, 00h 11m 37s)
---------------------------------------------------------------------------------------------------
Counter                                                      | TM Name                   | Value
---------------------------------------------------------------------------------------------------
capture.afpacket.polls                                       | Total                     | 25701
capture.afpacket.poll_timeout                                | Total                     | 25701
flow.mgr.full_hash_pass                                      | Total                     | 64
flow.mgr.rows_per_sec                                        | Total                     | 6553
flow.spare                                                   | Total                     | 10000
memcap.pressure                                              | Total                     | 5
memcap.pressure_max                                          | Total                     | 5
defrag.memuse                                                | Total                     | 33554432
tcp.memuse                                                   | Total                     | 2490368
tcp.reassembly_memuse                                        | Total                     | 458752
http.byterange.memuse                                        | Total                     | 168384
http.byterange.memcap                                        | Total                     | 104857600
ippair.memuse                                                | Total                     | 398144
ippair.memcap                                                | Total                     | 16777216
host.memuse                                                  | Total                     | 382144
host.memcap                                                  | Total                     | 33554432
flow.memuse                                                  | Total                     | 7234304
---------------------------------------------------------------------------------------------------
Date: 8/31/2026 -- 23:47:47 (uptime: 0d, 00h 11m 45s)
---------------------------------------------------------------------------------------------------
Counter                                                      | TM Name                   | Value
---------------------------------------------------------------------------------------------------
capture.kernel_packets                                       | Total                     | 8
capture.afpacket.polls                                       | Total                     | 25935
capture.afpacket.poll_timeout                                | Total                     | 25932
capture.afpacket.poll_data                                   | Total                     | 3
decoder.pkts                                                 | Total                     | 8
decoder.bytes                                                | Total                     | 1750
decoder.ipv4                                                 | Total                     | 4
decoder.ipv6                                                 | Total                     | 4
decoder.ethernet                                             | Total                     | 8
decoder.udp                                                  | Total                     | 2
decoder.icmpv6                                               | Total                     | 3
decoder.avg_pkt_size                                         | Total                     | 218
decoder.max_pkt_size                                         | Total                     | 669
flow.total                                                   | Total                     | 3
flow.active                                                  | Total                     | 3
flow.udp                                                     | Total                     | 2
flow.icmpv6                                                  | Total                     | 1
flow.wrk.spare_sync_avg                                      | Total                     | 100
flow.wrk.spare_sync                                          | Total                     | 2
decoder.event.ipv4.opt_pad_required                          | Total                     | 3
decoder.event.ipv6.zero_len_padn                             | Total                     | 3
app_layer.flow.failed_udp                                    | Total                     | 2
flow.mgr.full_hash_pass                                      | Total                     | 65
flow.mgr.rows_per_sec                                        | Total                     | 6553
flow.spare                                                   | Total                     | 9800
memcap.pressure                                              | Total                     | 5
memcap.pressure_max                                          | Total                     | 5
defrag.memuse                                                | Total                     | 33554432
tcp.memuse                                                   | Total                     | 2490368
tcp.reassembly_memuse                                        | Total                     | 458752
http.byterange.memuse                                        | Total                     | 168384
http.byterange.memcap                                        | Total                     | 104857600
ippair.memuse                                                | Total                     | 398144
ippair.memcap                                                | Total                     | 16777216
host.memuse                                                  | Total                     | 382144
host.memcap                                                  | Total                     | 33554432
flow.memuse                                                  | Total                     | 7234304
---------------------------------------------------------------------------------------------------
Date: 8/31/2026 -- 23:47:55 (uptime: 0d, 00h 11m 53s)
---------------------------------------------------------------------------------------------------
Counter                                                      | TM Name                   | Value
---------------------------------------------------------------------------------------------------
capture.kernel_packets                                       | Total                     | 8
capture.afpacket.polls                                       | Total                     | 26291
capture.afpacket.poll_timeout                                | Total                     | 26288
capture.afpacket.poll_data                                   | Total                     | 3
decoder.pkts                                                 | Total                     | 8
decoder.bytes                                                | Total                     | 1750
decoder.ipv4                                                 | Total                     | 4
decoder.ipv6                                                 | Total                     | 4
decoder.ethernet                                             | Total                     | 8
decoder.udp                                                  | Total                     | 2
decoder.icmpv6                                               | Total                     | 3
decoder.avg_pkt_size                                         | Total                     | 218
decoder.max_pkt_size                                         | Total                     | 669
flow.total                                                   | Total                     | 3
flow.active                                                  | Total                     | 3
flow.udp                                                     | Total                     | 2
flow.icmpv6                                                  | Total                     | 1
flow.wrk.spare_sync_avg                                      | Total                     | 100
flow.wrk.spare_sync                                          | Total                     | 2
decoder.event.ipv4.opt_pad_required                          | Total                     | 3
decoder.event.ipv6.zero_len_padn                             | Total                     | 3
app_layer.flow.failed_udp                                    | Total                     | 2
flow.mgr.full_hash_pass                                      | Total                     | 66
flow.mgr.rows_per_sec                                        | Total                     | 6553
flow.spare                                                   | Total                     | 9800
flow.mgr.rows_maxlen                                         | Total                     | 1
flow.mgr.flows_checked                                       | Total                     | 3
flow.mgr.flows_notimeout                                     | Total                     | 3
memcap.pressure                                              | Total                     | 5
memcap.pressure_max                                          | Total                     | 5
defrag.memuse                                                | Total                     | 33554432
tcp.memuse                                                   | Total                     | 2490368
tcp.reassembly_memuse                                        | Total                     | 458752
http.byterange.memuse                                        | Total                     | 168384
http.byterange.memcap                                        | Total                     | 104857600
ippair.memuse                                                | Total                     | 398144
ippair.memcap                                                | Total                     | 16777216
host.memuse                                                  | Total                     | 382144
host.memcap                                                  | Total                     | 33554432
flow.memuse                                                  | Total                     | 7234304
---------------------------------------------------------------------------------------------------
Date: 8/31/2026 -- 23:48:03 (uptime: 0d, 00h 12m 01s)
---------------------------------------------------------------------------------------------------
Counter                                                      | TM Name                   | Value
---------------------------------------------------------------------------------------------------
capture.kernel_packets                                       | Total                     | 8
capture.afpacket.polls                                       | Total                     | 26647
capture.afpacket.poll_timeout                                | Total                     | 26644
capture.afpacket.poll_data                                   | Total                     | 3
decoder.pkts                                                 | Total                     | 8
decoder.bytes                                                | Total                     | 1750
decoder.ipv4                                                 | Total                     | 4
decoder.ipv6                                                 | Total                     | 4
decoder.ethernet                                             | Total                     | 8
decoder.udp                                                  | Total                     | 2
decoder.icmpv6                                               | Total                     | 3
decoder.avg_pkt_size                                         | Total                     | 218
decoder.max_pkt_size                                         | Total                     | 669
flow.total                                                   | Total                     | 3
flow.active                                                  | Total                     | 3
flow.udp                                                     | Total                     | 2
flow.icmpv6                                                  | Total                     | 1
flow.wrk.spare_sync_avg                                      | Total                     | 100
flow.wrk.spare_sync                                          | Total                     | 2
decoder.event.ipv4.opt_pad_required                          | Total                     | 3
decoder.event.ipv6.zero_len_padn                             | Total                     | 3
app_layer.flow.failed_udp                                    | Total                     | 2
flow.mgr.full_hash_pass                                      | Total                     | 66
flow.mgr.rows_per_sec                                        | Total                     | 6553
flow.spare                                                   | Total                     | 9800
flow.mgr.rows_maxlen                                         | Total                     | 1
flow.mgr.flows_checked                                       | Total                     | 3
flow.mgr.flows_notimeout                                     | Total                     | 3
memcap.pressure                                              | Total                     | 5
memcap.pressure_max                                          | Total                     | 5
defrag.memuse                                                | Total                     | 33554432
tcp.memuse                                                   | Total                     | 2490368
tcp.reassembly_memuse                                        | Total                     | 458752
http.byterange.memuse                                        | Total                     | 168384
http.byterange.memcap                                        | Total                     | 104857600
ippair.memuse                                                | Total                     | 398144
ippair.memcap                                                | Total                     | 16777216
host.memuse                                                  | Total                     | 382144
host.memcap                                                  | Total                     | 33554432
flow.memuse                                                  | Total                     | 7234304
---------------------------------------------------------------------------------------------------
Date: 8/31/2026 -- 23:48:11 (uptime: 0d, 00h 12m 09s)
---------------------------------------------------------------------------------------------------
Counter                                                      | TM Name                   | Value
---------------------------------------------------------------------------------------------------
capture.kernel_packets                                       | Total                     | 8
capture.afpacket.polls                                       | Total                     | 26887
capture.afpacket.poll_timeout                                | Total                     | 26884
capture.afpacket.poll_data                                   | Total                     | 3
decoder.pkts                                                 | Total                     | 8
decoder.bytes                                                | Total                     | 1750
decoder.ipv4                                                 | Total                     | 4
decoder.ipv6                                                 | Total                     | 4
decoder.ethernet                                             | Total                     | 8
decoder.udp                                                  | Total                     | 2
decoder.icmpv6                                               | Total                     | 3
decoder.avg_pkt_size                                         | Total                     | 218
decoder.max_pkt_size                                         | Total                     | 669
flow.total                                                   | Total                     | 3
flow.active                                                  | Total                     | 3
flow.udp                                                     | Total                     | 2
flow.icmpv6                                                  | Total                     | 1
flow.wrk.spare_sync_avg                                      | Total                     | 100
flow.wrk.spare_sync                                          | Total                     | 2
decoder.event.ipv4.opt_pad_required                          | Total                     | 3
decoder.event.ipv6.zero_len_padn                             | Total                     | 3
app_layer.flow.failed_udp                                    | Total                     | 2
flow.mgr.full_hash_pass                                      | Total                     | 67
flow.mgr.rows_per_sec                                        | Total                     | 6553
flow.spare                                                   | Total                     | 9800
flow.mgr.rows_maxlen                                         | Total                     | 1
flow.mgr.flows_checked                                       | Total                     | 3
flow.mgr.flows_notimeout                                     | Total                     | 3
memcap.pressure                                              | Total                     | 5
memcap.pressure_max                                          | Total                     | 5
defrag.memuse                                                | Total                     | 33554432
tcp.memuse                                                   | Total                     | 2490368
tcp.reassembly_memuse                                        | Total                     | 458752
http.byterange.memuse                                        | Total                     | 168384
http.byterange.memcap                                        | Total                     | 104857600
ippair.memuse                                                | Total                     | 398144
ippair.memcap                                                | Total                     | 16777216
host.memuse                                                  | Total                     | 382144
host.memcap                                                  | Total                     | 33554432
flow.memuse                                                  | Total                     | 7234304
---------------------------------------------------------------------------------------------------
Date: 8/31/2026 -- 23:48:19 (uptime: 0d, 00h 12m 17s)
---------------------------------------------------------------------------------------------------
Counter                                                      | TM Name                   | Value
---------------------------------------------------------------------------------------------------
capture.kernel_packets                                       | Total                     | 8
capture.afpacket.polls                                       | Total                     | 27271
capture.afpacket.poll_timeout                                | Total                     | 27268
capture.afpacket.poll_data                                   | Total                     | 3
decoder.pkts                                                 | Total                     | 8
decoder.bytes                                                | Total                     | 1750
decoder.ipv4                                                 | Total                     | 4
decoder.ipv6                                                 | Total                     | 4
decoder.ethernet                                             | Total                     | 8
decoder.udp                                                  | Total                     | 2
decoder.icmpv6                                               | Total                     | 3
decoder.avg_pkt_size                                         | Total                     | 218
decoder.max_pkt_size                                         | Total                     | 669
flow.total                                                   | Total                     | 3
flow.active                                                  | Total                     | 2
flow.udp                                                     | Total                     | 2
flow.icmpv6                                                  | Total                     | 1
flow.wrk.spare_sync_avg                                      | Total                     | 100
flow.wrk.spare_sync                                          | Total                     | 2
decoder.event.ipv4.opt_pad_required                          | Total                     | 3
decoder.event.ipv6.zero_len_padn                             | Total                     | 3
app_layer.flow.failed_udp                                    | Total                     | 2
flow.end.state.new                                           | Total                     | 1
flow.mgr.full_hash_pass                                      | Total                     | 68
flow.mgr.rows_per_sec                                        | Total                     | 6553
flow.spare                                                   | Total                     | 9801
flow.mgr.rows_maxlen                                         | Total                     | 1
flow.mgr.flows_checked                                       | Total                     | 4
flow.mgr.flows_notimeout                                     | Total                     | 3
flow.mgr.flows_timeout                                       | Total                     | 1
flow.mgr.flows_evicted                                       | Total                     | 1
memcap.pressure                                              | Total                     | 5
memcap.pressure_max                                          | Total                     | 5
defrag.memuse                                                | Total                     | 33554432
flow.recycler.recycled                                       | Total                     | 1
flow.recycler.queue_max                                      | Total                     | 1
tcp.memuse                                                   | Total                     | 2490368
tcp.reassembly_memuse                                        | Total                     | 458752
http.byterange.memuse                                        | Total                     | 168384
http.byterange.memcap                                        | Total                     | 104857600
ippair.memuse                                                | Total                     | 398144
ippair.memcap                                                | Total                     | 16777216
host.memuse                                                  | Total                     | 382144
host.memcap                                                  | Total                     | 33554432
flow.memuse                                                  | Total                     | 7234304
---------------------------------------------------------------------------------------------------
Date: 8/31/2026 -- 23:48:27 (uptime: 0d, 00h 12m 25s)
---------------------------------------------------------------------------------------------------
Counter                                                      | TM Name                   | Value
---------------------------------------------------------------------------------------------------
capture.kernel_packets                                       | Total                     | 8
capture.afpacket.polls                                       | Total                     | 27631
capture.afpacket.poll_timeout                                | Total                     | 27628
capture.afpacket.poll_data                                   | Total                     | 3
decoder.pkts                                                 | Total                     | 8
decoder.bytes                                                | Total                     | 1750
decoder.ipv4                                                 | Total                     | 4
decoder.ipv6                                                 | Total                     | 4
decoder.ethernet                                             | Total                     | 8
decoder.udp                                                  | Total                     | 2
decoder.icmpv6                                               | Total                     | 3
decoder.avg_pkt_size                                         | Total                     | 218
decoder.max_pkt_size                                         | Total                     | 669
flow.total                                                   | Total                     | 3
flow.udp                                                     | Total                     | 2
flow.icmpv6                                                  | Total                     | 1
flow.wrk.spare_sync_avg                                      | Total                     | 100
flow.wrk.spare_sync                                          | Total                     | 2
decoder.event.ipv4.opt_pad_required                          | Total                     | 3
decoder.event.ipv6.zero_len_padn                             | Total                     | 3
app_layer.flow.failed_udp                                    | Total                     | 2
flow.end.state.new                                           | Total                     | 3
flow.mgr.full_hash_pass                                      | Total                     | 69
flow.mgr.rows_per_sec                                        | Total                     | 6553
flow.spare                                                   | Total                     | 9803
flow.mgr.rows_maxlen                                         | Total                     | 1
flow.mgr.flows_checked                                       | Total                     | 6
flow.mgr.flows_notimeout                                     | Total                     | 3
flow.mgr.flows_timeout                                       | Total                     | 3
flow.mgr.flows_evicted                                       | Total                     | 3
memcap.pressure                                              | Total                     | 5
memcap.pressure_max                                          | Total                     | 5
defrag.memuse                                                | Total                     | 33554432
flow.recycler.recycled                                       | Total                     | 3
flow.recycler.queue_max                                      | Total                     | 1
tcp.memuse                                                   | Total                     | 2490368
tcp.reassembly_memuse                                        | Total                     | 458752
http.byterange.memuse                                        | Total                     | 168384
http.byterange.memcap                                        | Total                     | 104857600
ippair.memuse                                                | Total                     | 398144
ippair.memcap                                                | Total                     | 16777216
host.memuse                                                  | Total                     | 382144
host.memcap                                                  | Total                     | 33554432
flow.memuse                                                  | Total                     | 7234304
---------------------------------------------------------------------------------------------------
Date: 8/31/2026 -- 23:48:35 (uptime: 0d, 00h 12m 33s)
---------------------------------------------------------------------------------------------------
Counter                                                      | TM Name                   | Value
---------------------------------------------------------------------------------------------------
capture.kernel_packets                                       | Total                     | 8
capture.afpacket.polls                                       | Total                     | 27867
capture.afpacket.poll_timeout                                | Total                     | 27864
capture.afpacket.poll_data                                   | Total                     | 3
decoder.pkts                                                 | Total                     | 8
decoder.bytes                                                | Total                     | 1750
decoder.ipv4                                                 | Total                     | 4
decoder.ipv6                                                 | Total                     | 4
decoder.ethernet                                             | Total                     | 8
decoder.udp                                                  | Total                     | 2
decoder.icmpv6                                               | Total                     | 3
decoder.avg_pkt_size                                         | Total                     | 218
decoder.max_pkt_size                                         | Total                     | 669
flow.total                                                   | Total                     | 3
flow.udp                                                     | Total                     | 2
flow.icmpv6                                                  | Total                     | 1
flow.wrk.spare_sync_avg                                      | Total                     | 100
flow.wrk.spare_sync                                          | Total                     | 2
decoder.event.ipv4.opt_pad_required                          | Total                     | 3
decoder.event.ipv6.zero_len_padn                             | Total                     | 3
app_layer.flow.failed_udp                                    | Total                     | 2
flow.end.state.new                                           | Total                     | 3
flow.mgr.full_hash_pass                                      | Total                     | 70
flow.mgr.rows_per_sec                                        | Total                     | 6553
flow.spare                                                   | Total                     | 9803
flow.mgr.rows_maxlen                                         | Total                     | 1
flow.mgr.flows_checked                                       | Total                     | 6
flow.mgr.flows_notimeout                                     | Total                     | 3
flow.mgr.flows_timeout                                       | Total                     | 3
flow.mgr.flows_evicted                                       | Total                     | 3
memcap.pressure                                              | Total                     | 5
memcap.pressure_max                                          | Total                     | 5
defrag.memuse                                                | Total                     | 33554432
flow.recycler.recycled                                       | Total                     | 3
flow.recycler.queue_max                                      | Total                     | 1
tcp.memuse                                                   | Total                     | 2490368
tcp.reassembly_memuse                                        | Total                     | 458752
http.byterange.memuse                                        | Total                     | 168384
http.byterange.memcap                                        | Total                     | 104857600
ippair.memuse                                                | Total                     | 398144
ippair.memcap                                                | Total                     | 16777216
host.memuse                                                  | Total                     | 382144
host.memcap                                                  | Total                     | 33554432
flow.memuse                                                  | Total                     | 7234304
---------------------------------------------------------------------------------------------------
Date: 8/31/2026 -- 23:48:43 (uptime: 0d, 00h 12m 41s)
---------------------------------------------------------------------------------------------------
Counter                                                      | TM Name                   | Value
---------------------------------------------------------------------------------------------------
capture.kernel_packets                                       | Total                     | 8
capture.afpacket.polls                                       | Total                     | 28225
capture.afpacket.poll_timeout                                | Total                     | 28222
capture.afpacket.poll_data                                   | Total                     | 3
decoder.pkts                                                 | Total                     | 8
decoder.bytes                                                | Total                     | 1750
decoder.ipv4                                                 | Total                     | 4
decoder.ipv6                                                 | Total                     | 4
decoder.ethernet                                             | Total                     | 8
decoder.udp                                                  | Total                     | 2
decoder.icmpv6                                               | Total                     | 3
decoder.avg_pkt_size                                         | Total                     | 218
decoder.max_pkt_size                                         | Total                     | 669
flow.total                                                   | Total                     | 3
flow.udp                                                     | Total                     | 2
flow.icmpv6                                                  | Total                     | 1
flow.wrk.spare_sync_avg                                      | Total                     | 100
flow.wrk.spare_sync                                          | Total                     | 2
decoder.event.ipv4.opt_pad_required                          | Total                     | 3
decoder.event.ipv6.zero_len_padn                             | Total                     | 3
app_layer.flow.failed_udp                                    | Total                     | 2
flow.end.state.new                                           | Total                     | 3
flow.mgr.full_hash_pass                                      | Total                     | 71
flow.mgr.rows_per_sec                                        | Total                     | 6553
flow.spare                                                   | Total                     | 9803
flow.mgr.rows_maxlen                                         | Total                     | 1
flow.mgr.flows_checked                                       | Total                     | 6
flow.mgr.flows_notimeout                                     | Total                     | 3
flow.mgr.flows_timeout                                       | Total                     | 3
flow.mgr.flows_evicted                                       | Total                     | 3
memcap.pressure                                              | Total                     | 5
memcap.pressure_max                                          | Total                     | 5
defrag.memuse                                                | Total                     | 33554432
flow.recycler.recycled                                       | Total                     | 3
flow.recycler.queue_max                                      | Total                     | 1
tcp.memuse                                                   | Total                     | 2490368
tcp.reassembly_memuse                                        | Total                     | 458752
http.byterange.memuse                                        | Total                     | 168384
http.byterange.memcap                                        | Total                     | 104857600
ippair.memuse                                                | Total                     | 398144
ippair.memcap                                                | Total                     | 16777216
host.memuse                                                  | Total                     | 382144
host.memcap                                                  | Total                     | 33554432
flow.memuse                                                  | Total                     | 7234304
---------------------------------------------------------------------------------------------------
Date: 8/31/2026 -- 23:48:51 (uptime: 0d, 00h 12m 49s)
---------------------------------------------------------------------------------------------------
Counter                                                      | TM Name                   | Value
---------------------------------------------------------------------------------------------------
capture.kernel_packets                                       | Total                     | 8
capture.afpacket.polls                                       | Total                     | 28581
capture.afpacket.poll_timeout                                | Total                     | 28578
capture.afpacket.poll_data                                   | Total                     | 3
decoder.pkts                                                 | Total                     | 8
decoder.bytes                                                | Total                     | 1750
decoder.ipv4                                                 | Total                     | 4
decoder.ipv6                                                 | Total                     | 4
decoder.ethernet                                             | Total                     | 8
decoder.udp                                                  | Total                     | 2
decoder.icmpv6                                               | Total                     | 3
decoder.avg_pkt_size                                         | Total                     | 218
decoder.max_pkt_size                                         | Total                     | 669
flow.total                                                   | Total                     | 3
flow.udp                                                     | Total                     | 2
flow.icmpv6                                                  | Total                     | 1
flow.wrk.spare_sync_avg                                      | Total                     | 100
flow.wrk.spare_sync                                          | Total                     | 2
decoder.event.ipv4.opt_pad_required                          | Total                     | 3
decoder.event.ipv6.zero_len_padn                             | Total                     | 3
app_layer.flow.failed_udp                                    | Total                     | 2
flow.end.state.new                                           | Total                     | 3
flow.mgr.full_hash_pass                                      | Total                     | 71
flow.mgr.rows_per_sec                                        | Total                     | 6553
flow.spare                                                   | Total                     | 9803
flow.mgr.rows_maxlen                                         | Total                     | 1
flow.mgr.flows_checked                                       | Total                     | 6
flow.mgr.flows_notimeout                                     | Total                     | 3
flow.mgr.flows_timeout                                       | Total                     | 3
flow.mgr.flows_evicted                                       | Total                     | 3
memcap.pressure                                              | Total                     | 5
memcap.pressure_max                                          | Total                     | 5
defrag.memuse                                                | Total                     | 33554432
flow.recycler.recycled                                       | Total                     | 3
flow.recycler.queue_max                                      | Total                     | 1
tcp.memuse                                                   | Total                     | 2490368
tcp.reassembly_memuse                                        | Total                     | 458752
http.byterange.memuse                                        | Total                     | 168384
http.byterange.memcap                                        | Total                     | 104857600
ippair.memuse                                                | Total                     | 398144
ippair.memcap                                                | Total                     | 16777216
host.memuse                                                  | Total                     | 382144
host.memcap                                                  | Total                     | 33554432
flow.memuse                                                  | Total                     | 7234304
---------------------------------------------------------------------------------------------------
Date: 8/31/2026 -- 23:48:59 (uptime: 0d, 00h 12m 57s)
---------------------------------------------------------------------------------------------------
Counter                                                      | TM Name                   | Value
---------------------------------------------------------------------------------------------------
capture.kernel_packets                                       | Total                     | 8
capture.afpacket.polls                                       | Total                     | 28821
capture.afpacket.poll_timeout                                | Total                     | 28818
capture.afpacket.poll_data                                   | Total                     | 3
decoder.pkts                                                 | Total                     | 8
decoder.bytes                                                | Total                     | 1750
decoder.ipv4                                                 | Total                     | 4
decoder.ipv6                                                 | Total                     | 4
decoder.ethernet                                             | Total                     | 8
decoder.udp                                                  | Total                     | 2
decoder.icmpv6                                               | Total                     | 3
decoder.avg_pkt_size                                         | Total                     | 218
decoder.max_pkt_size                                         | Total                     | 669
flow.total                                                   | Total                     | 3
flow.udp                                                     | Total                     | 2
flow.icmpv6                                                  | Total                     | 1
flow.wrk.spare_sync_avg                                      | Total                     | 100
flow.wrk.spare_sync                                          | Total                     | 2
decoder.event.ipv4.opt_pad_required                          | Total                     | 3
decoder.event.ipv6.zero_len_padn                             | Total                     | 3
app_layer.flow.failed_udp                                    | Total                     | 2
flow.end.state.new                                           | Total                     | 3
flow.mgr.full_hash_pass                                      | Total                     | 72
flow.mgr.rows_per_sec                                        | Total                     | 6553
flow.spare                                                   | Total                     | 9803
flow.mgr.rows_maxlen                                         | Total                     | 1
flow.mgr.flows_checked                                       | Total                     | 6
flow.mgr.flows_notimeout                                     | Total                     | 3
flow.mgr.flows_timeout                                       | Total                     | 3
flow.mgr.flows_evicted                                       | Total                     | 3
memcap.pressure                                              | Total                     | 5
memcap.pressure_max                                          | Total                     | 5
defrag.memuse                                                | Total                     | 33554432
flow.recycler.recycled                                       | Total                     | 3
flow.recycler.queue_max                                      | Total                     | 1
tcp.memuse                                                   | Total                     | 2490368
tcp.reassembly_memuse                                        | Total                     | 458752
http.byterange.memuse                                        | Total                     | 168384
http.byterange.memcap                                        | Total                     | 104857600
ippair.memuse                                                | Total                     | 398144
ippair.memcap                                                | Total                     | 16777216
host.memuse                                                  | Total                     | 382144
host.memcap                                                  | Total                     | 33554432
flow.memuse                                                  | Total                     | 7234304
---------------------------------------------------------------------------------------------------
Date: 8/31/2026 -- 23:49:07 (uptime: 0d, 00h 13m 05s)
---------------------------------------------------------------------------------------------------
Counter                                                      | TM Name                   | Value
---------------------------------------------------------------------------------------------------
capture.kernel_packets                                       | Total                     | 8
capture.afpacket.polls                                       | Total                     | 29177
capture.afpacket.poll_timeout                                | Total                     | 29174
capture.afpacket.poll_data                                   | Total                     | 3
decoder.pkts                                                 | Total                     | 8
decoder.bytes                                                | Total                     | 1750
decoder.ipv4                                                 | Total                     | 4
decoder.ipv6                                                 | Total                     | 4
decoder.ethernet                                             | Total                     | 8
decoder.udp                                                  | Total                     | 2
decoder.icmpv6                                               | Total                     | 3
decoder.avg_pkt_size                                         | Total                     | 218
decoder.max_pkt_size                                         | Total                     | 669
flow.total                                                   | Total                     | 3
flow.udp                                                     | Total                     | 2
flow.icmpv6                                                  | Total                     | 1
flow.wrk.spare_sync_avg                                      | Total                     | 100
flow.wrk.spare_sync                                          | Total                     | 2
decoder.event.ipv4.opt_pad_required                          | Total                     | 3
decoder.event.ipv6.zero_len_padn                             | Total                     | 3
app_layer.flow.failed_udp                                    | Total                     | 2
flow.end.state.new                                           | Total                     | 3
flow.mgr.full_hash_pass                                      | Total                     | 73
flow.mgr.rows_per_sec                                        | Total                     | 6553
flow.spare                                                   | Total                     | 9803
flow.mgr.rows_maxlen                                         | Total                     | 1
flow.mgr.flows_checked                                       | Total                     | 6
flow.mgr.flows_notimeout                                     | Total                     | 3
flow.mgr.flows_timeout                                       | Total                     | 3
flow.mgr.flows_evicted                                       | Total                     | 3
memcap.pressure                                              | Total                     | 5
memcap.pressure_max                                          | Total                     | 5
defrag.memuse                                                | Total                     | 33554432
flow.recycler.recycled                                       | Total                     | 3
flow.recycler.queue_max                                      | Total                     | 1
tcp.memuse                                                   | Total                     | 2490368
tcp.reassembly_memuse                                        | Total                     | 458752
http.byterange.memuse                                        | Total                     | 168384
http.byterange.memcap                                        | Total                     | 104857600
ippair.memuse                                                | Total                     | 398144
ippair.memcap                                                | Total                     | 16777216
host.memuse                                                  | Total                     | 382144
host.memcap                                                  | Total                     | 33554432
flow.memuse                                                  | Total                     | 7234304
---------------------------------------------------------------------------------------------------
Date: 8/31/2026 -- 23:49:15 (uptime: 0d, 00h 13m 13s)
---------------------------------------------------------------------------------------------------
Counter                                                      | TM Name                   | Value
---------------------------------------------------------------------------------------------------
capture.kernel_packets                                       | Total                     | 8
capture.afpacket.polls                                       | Total                     | 29535
capture.afpacket.poll_timeout                                | Total                     | 29532
capture.afpacket.poll_data                                   | Total                     | 3
decoder.pkts                                                 | Total                     | 8
decoder.bytes                                                | Total                     | 1750
decoder.ipv4                                                 | Total                     | 4
decoder.ipv6                                                 | Total                     | 4
decoder.ethernet                                             | Total                     | 8
decoder.udp                                                  | Total                     | 2
decoder.icmpv6                                               | Total                     | 3
decoder.avg_pkt_size                                         | Total                     | 218
decoder.max_pkt_size                                         | Total                     | 669
flow.total                                                   | Total                     | 3
flow.udp                                                     | Total                     | 2
flow.icmpv6                                                  | Total                     | 1
flow.wrk.spare_sync_avg                                      | Total                     | 100
flow.wrk.spare_sync                                          | Total                     | 2
decoder.event.ipv4.opt_pad_required                          | Total                     | 3
decoder.event.ipv6.zero_len_padn                             | Total                     | 3
app_layer.flow.failed_udp                                    | Total                     | 2
flow.end.state.new                                           | Total                     | 3
flow.mgr.full_hash_pass                                      | Total                     | 74
flow.mgr.rows_per_sec                                        | Total                     | 6553
flow.spare                                                   | Total                     | 9803
flow.mgr.rows_maxlen                                         | Total                     | 1
flow.mgr.flows_checked                                       | Total                     | 6
flow.mgr.flows_notimeout                                     | Total                     | 3
flow.mgr.flows_timeout                                       | Total                     | 3
flow.mgr.flows_evicted                                       | Total                     | 3
memcap.pressure                                              | Total                     | 5
memcap.pressure_max                                          | Total                     | 5
defrag.memuse                                                | Total                     | 33554432
flow.recycler.recycled                                       | Total                     | 3
flow.recycler.queue_max                                      | Total                     | 1
tcp.memuse                                                   | Total                     | 2490368
tcp.reassembly_memuse                                        | Total                     | 458752
http.byterange.memuse                                        | Total                     | 168384
http.byterange.memcap                                        | Total                     | 104857600
ippair.memuse                                                | Total                     | 398144
ippair.memcap                                                | Total                     | 16777216
host.memuse                                                  | Total                     | 382144
host.memcap                                                  | Total                     | 33554432
flow.memuse                                                  | Total                     | 7234304
---------------------------------------------------------------------------------------------------
Date: 8/31/2026 -- 23:49:23 (uptime: 0d, 00h 13m 21s)
---------------------------------------------------------------------------------------------------
Counter                                                      | TM Name                   | Value
---------------------------------------------------------------------------------------------------
capture.kernel_packets                                       | Total                     | 8
capture.afpacket.polls                                       | Total                     | 29774
capture.afpacket.poll_timeout                                | Total                     | 29771
capture.afpacket.poll_data                                   | Total                     | 3
decoder.pkts                                                 | Total                     | 8
decoder.bytes                                                | Total                     | 1750
decoder.ipv4                                                 | Total                     | 4
decoder.ipv6                                                 | Total                     | 4
decoder.ethernet                                             | Total                     | 8
decoder.udp                                                  | Total                     | 2
decoder.icmpv6                                               | Total                     | 3
decoder.avg_pkt_size                                         | Total                     | 218
decoder.max_pkt_size                                         | Total                     | 669
flow.total                                                   | Total                     | 3
flow.udp                                                     | Total                     | 2
flow.icmpv6                                                  | Total                     | 1
flow.wrk.spare_sync_avg                                      | Total                     | 100
flow.wrk.spare_sync                                          | Total                     | 2
decoder.event.ipv4.opt_pad_required                          | Total                     | 3
decoder.event.ipv6.zero_len_padn                             | Total                     | 3
app_layer.flow.failed_udp                                    | Total                     | 2
flow.end.state.new                                           | Total                     | 3
flow.mgr.full_hash_pass                                      | Total                     | 75
flow.mgr.rows_per_sec                                        | Total                     | 6553
flow.spare                                                   | Total                     | 9803
flow.mgr.rows_maxlen                                         | Total                     | 1
flow.mgr.flows_checked                                       | Total                     | 6
flow.mgr.flows_notimeout                                     | Total                     | 3
flow.mgr.flows_timeout                                       | Total                     | 3
flow.mgr.flows_evicted                                       | Total                     | 3
memcap.pressure                                              | Total                     | 5
memcap.pressure_max                                          | Total                     | 5
defrag.memuse                                                | Total                     | 33554432
flow.recycler.recycled                                       | Total                     | 3
flow.recycler.queue_max                                      | Total                     | 1
tcp.memuse                                                   | Total                     | 2490368
tcp.reassembly_memuse                                        | Total                     | 458752
http.byterange.memuse                                        | Total                     | 168384
http.byterange.memcap                                        | Total                     | 104857600
ippair.memuse                                                | Total                     | 398144
ippair.memcap                                                | Total                     | 16777216
host.memuse                                                  | Total                     | 382144
host.memcap                                                  | Total                     | 33554432
flow.memuse                                                  | Total                     | 7234304
---------------------------------------------------------------------------------------------------
Date: 8/31/2026 -- 23:49:31 (uptime: 0d, 00h 13m 29s)
---------------------------------------------------------------------------------------------------
Counter                                                      | TM Name                   | Value
---------------------------------------------------------------------------------------------------
capture.kernel_packets                                       | Total                     | 8
capture.afpacket.polls                                       | Total                     | 30131
capture.afpacket.poll_timeout                                | Total                     | 30128
capture.afpacket.poll_data                                   | Total                     | 3
decoder.pkts                                                 | Total                     | 8
decoder.bytes                                                | Total                     | 1750
decoder.ipv4                                                 | Total                     | 4
decoder.ipv6                                                 | Total                     | 4
decoder.ethernet                                             | Total                     | 8
decoder.udp                                                  | Total                     | 2
decoder.icmpv6                                               | Total                     | 3
decoder.avg_pkt_size                                         | Total                     | 218
decoder.max_pkt_size                                         | Total                     | 669
flow.total                                                   | Total                     | 3
flow.udp                                                     | Total                     | 2
flow.icmpv6                                                  | Total                     | 1
flow.wrk.spare_sync_avg                                      | Total                     | 100
flow.wrk.spare_sync                                          | Total                     | 2
decoder.event.ipv4.opt_pad_required                          | Total                     | 3
decoder.event.ipv6.zero_len_padn                             | Total                     | 3
app_layer.flow.failed_udp                                    | Total                     | 2
flow.end.state.new                                           | Total                     | 3
flow.mgr.full_hash_pass                                      | Total                     | 75
flow.mgr.rows_per_sec                                        | Total                     | 6553
flow.spare                                                   | Total                     | 9803
flow.mgr.rows_maxlen                                         | Total                     | 1
flow.mgr.flows_checked                                       | Total                     | 6
flow.mgr.flows_notimeout                                     | Total                     | 3
flow.mgr.flows_timeout                                       | Total                     | 3
flow.mgr.flows_evicted                                       | Total                     | 3
memcap.pressure                                              | Total                     | 5
memcap.pressure_max                                          | Total                     | 5
defrag.memuse                                                | Total                     | 33554432
flow.recycler.recycled                                       | Total                     | 3
flow.recycler.queue_max                                      | Total                     | 1
tcp.memuse                                                   | Total                     | 2490368
tcp.reassembly_memuse                                        | Total                     | 458752
http.byterange.memuse                                        | Total                     | 168384
http.byterange.memcap                                        | Total                     | 104857600
ippair.memuse                                                | Total                     | 398144
ippair.memcap                                                | Total                     | 16777216
host.memuse                                                  | Total                     | 382144
host.memcap                                                  | Total                     | 33554432
flow.memuse                                                  | Total                     | 7234304
---------------------------------------------------------------------------------------------------
Date: 8/31/2026 -- 23:49:39 (uptime: 0d, 00h 13m 37s)
---------------------------------------------------------------------------------------------------
Counter                                                      | TM Name                   | Value
---------------------------------------------------------------------------------------------------
capture.kernel_packets                                       | Total                     | 8
capture.afpacket.polls                                       | Total                     | 30490
capture.afpacket.poll_timeout                                | Total                     | 30487
capture.afpacket.poll_data                                   | Total                     | 3
decoder.pkts                                                 | Total                     | 8
decoder.bytes                                                | Total                     | 1750
decoder.ipv4                                                 | Total                     | 4
decoder.ipv6                                                 | Total                     | 4
decoder.ethernet                                             | Total                     | 8
decoder.udp                                                  | Total                     | 2
decoder.icmpv6                                               | Total                     | 3
decoder.avg_pkt_size                                         | Total                     | 218
decoder.max_pkt_size                                         | Total                     | 669
flow.total                                                   | Total                     | 3
flow.udp                                                     | Total                     | 2
flow.icmpv6                                                  | Total                     | 1
flow.wrk.spare_sync_avg                                      | Total                     | 100
flow.wrk.spare_sync                                          | Total                     | 2
decoder.event.ipv4.opt_pad_required                          | Total                     | 3
decoder.event.ipv6.zero_len_padn                             | Total                     | 3
app_layer.flow.failed_udp                                    | Total                     | 2
flow.end.state.new                                           | Total                     | 3
flow.mgr.full_hash_pass                                      | Total                     | 76
flow.mgr.rows_per_sec                                        | Total                     | 6553
flow.spare                                                   | Total                     | 9803
flow.mgr.rows_maxlen                                         | Total                     | 1
flow.mgr.flows_checked                                       | Total                     | 6
flow.mgr.flows_notimeout                                     | Total                     | 3
flow.mgr.flows_timeout                                       | Total                     | 3
flow.mgr.flows_evicted                                       | Total                     | 3
memcap.pressure                                              | Total                     | 5
memcap.pressure_max                                          | Total                     | 5
defrag.memuse                                                | Total                     | 33554432
flow.recycler.recycled                                       | Total                     | 3
flow.recycler.queue_max                                      | Total                     | 1
tcp.memuse                                                   | Total                     | 2490368
tcp.reassembly_memuse                                        | Total                     | 458752
http.byterange.memuse                                        | Total                     | 168384
http.byterange.memcap                                        | Total                     | 104857600
ippair.memuse                                                | Total                     | 398144
ippair.memcap                                                | Total                     | 16777216
host.memuse                                                  | Total                     | 382144
host.memcap                                                  | Total                     | 33554432
flow.memuse                                                  | Total                     | 7234304
---------------------------------------------------------------------------------------------------
Date: 8/31/2026 -- 23:49:47 (uptime: 0d, 00h 13m 45s)
---------------------------------------------------------------------------------------------------
Counter                                                      | TM Name                   | Value
---------------------------------------------------------------------------------------------------
capture.kernel_packets                                       | Total                     | 8
capture.afpacket.polls                                       | Total                     | 30728
capture.afpacket.poll_timeout                                | Total                     | 30725
capture.afpacket.poll_data                                   | Total                     | 3
decoder.pkts                                                 | Total                     | 8
decoder.bytes                                                | Total                     | 1750
decoder.ipv4                                                 | Total                     | 4
decoder.ipv6                                                 | Total                     | 4
decoder.ethernet                                             | Total                     | 8
decoder.udp                                                  | Total                     | 2
decoder.icmpv6                                               | Total                     | 3
decoder.avg_pkt_size                                         | Total                     | 218
decoder.max_pkt_size                                         | Total                     | 669
flow.total                                                   | Total                     | 3
flow.udp                                                     | Total                     | 2
flow.icmpv6                                                  | Total                     | 1
flow.wrk.spare_sync_avg                                      | Total                     | 100
flow.wrk.spare_sync                                          | Total                     | 2
decoder.event.ipv4.opt_pad_required                          | Total                     | 3
decoder.event.ipv6.zero_len_padn                             | Total                     | 3
app_layer.flow.failed_udp                                    | Total                     | 2
flow.end.state.new                                           | Total                     | 3
flow.mgr.full_hash_pass                                      | Total                     | 77
flow.mgr.rows_per_sec                                        | Total                     | 6553
flow.spare                                                   | Total                     | 9803
flow.mgr.rows_maxlen                                         | Total                     | 1
flow.mgr.flows_checked                                       | Total                     | 6
flow.mgr.flows_notimeout                                     | Total                     | 3
flow.mgr.flows_timeout                                       | Total                     | 3
flow.mgr.flows_evicted                                       | Total                     | 3
memcap.pressure                                              | Total                     | 5
memcap.pressure_max                                          | Total                     | 5
defrag.memuse                                                | Total                     | 33554432
flow.recycler.recycled                                       | Total                     | 3
flow.recycler.queue_max                                      | Total                     | 1
tcp.memuse                                                   | Total                     | 2490368
tcp.reassembly_memuse                                        | Total                     | 458752
http.byterange.memuse                                        | Total                     | 168384
http.byterange.memcap                                        | Total                     | 104857600
ippair.memuse                                                | Total                     | 398144
ippair.memcap                                                | Total                     | 16777216
host.memuse                                                  | Total                     | 382144
host.memcap                                                  | Total                     | 33554432
flow.memuse                                                  | Total                     | 7234304
---------------------------------------------------------------------------------------------------
Date: 8/31/2026 -- 23:49:55 (uptime: 0d, 00h 13m 53s)
---------------------------------------------------------------------------------------------------
Counter                                                      | TM Name                   | Value
---------------------------------------------------------------------------------------------------
capture.kernel_packets                                       | Total                     | 8
capture.afpacket.polls                                       | Total                     | 31086
capture.afpacket.poll_timeout                                | Total                     | 31083
capture.afpacket.poll_data                                   | Total                     | 3
decoder.pkts                                                 | Total                     | 8
decoder.bytes                                                | Total                     | 1750
decoder.ipv4                                                 | Total                     | 4
decoder.ipv6                                                 | Total                     | 4
decoder.ethernet                                             | Total                     | 8
decoder.udp                                                  | Total                     | 2
decoder.icmpv6                                               | Total                     | 3
decoder.avg_pkt_size                                         | Total                     | 218
decoder.max_pkt_size                                         | Total                     | 669
flow.total                                                   | Total                     | 3
flow.udp                                                     | Total                     | 2
flow.icmpv6                                                  | Total                     | 1
flow.wrk.spare_sync_avg                                      | Total                     | 100
flow.wrk.spare_sync                                          | Total                     | 2
decoder.event.ipv4.opt_pad_required                          | Total                     | 3
decoder.event.ipv6.zero_len_padn                             | Total                     | 3
app_layer.flow.failed_udp                                    | Total                     | 2
flow.end.state.new                                           | Total                     | 3
flow.mgr.full_hash_pass                                      | Total                     | 78
flow.mgr.rows_per_sec                                        | Total                     | 6553
flow.spare                                                   | Total                     | 9803
flow.mgr.rows_maxlen                                         | Total                     | 1
flow.mgr.flows_checked                                       | Total                     | 6
flow.mgr.flows_notimeout                                     | Total                     | 3
flow.mgr.flows_timeout                                       | Total                     | 3
flow.mgr.flows_evicted                                       | Total                     | 3
memcap.pressure                                              | Total                     | 5
memcap.pressure_max                                          | Total                     | 5
defrag.memuse                                                | Total                     | 33554432
flow.recycler.recycled                                       | Total                     | 3
flow.recycler.queue_max                                      | Total                     | 1
tcp.memuse                                                   | Total                     | 2490368
tcp.reassembly_memuse                                        | Total                     | 458752
http.byterange.memuse                                        | Total                     | 168384
http.byterange.memcap                                        | Total                     | 104857600
ippair.memuse                                                | Total                     | 398144
ippair.memcap                                                | Total                     | 16777216
host.memuse                                                  | Total                     | 382144
host.memcap                                                  | Total                     | 33554432
flow.memuse                                                  | Total                     | 7234304
---------------------------------------------------------------------------------------------------
Date: 8/31/2026 -- 23:50:03 (uptime: 0d, 00h 14m 01s)
---------------------------------------------------------------------------------------------------
Counter                                                      | TM Name                   | Value
---------------------------------------------------------------------------------------------------
capture.kernel_packets                                       | Total                     | 8
capture.afpacket.polls                                       | Total                     | 31442
capture.afpacket.poll_timeout                                | Total                     | 31439
capture.afpacket.poll_data                                   | Total                     | 3
decoder.pkts                                                 | Total                     | 8
decoder.bytes                                                | Total                     | 1750
decoder.ipv4                                                 | Total                     | 4
decoder.ipv6                                                 | Total                     | 4
decoder.ethernet                                             | Total                     | 8
decoder.udp                                                  | Total                     | 2
decoder.icmpv6                                               | Total                     | 3
decoder.avg_pkt_size                                         | Total                     | 218
decoder.max_pkt_size                                         | Total                     | 669
flow.total                                                   | Total                     | 3
flow.udp                                                     | Total                     | 2
flow.icmpv6                                                  | Total                     | 1
flow.wrk.spare_sync_avg                                      | Total                     | 100
flow.wrk.spare_sync                                          | Total                     | 2
decoder.event.ipv4.opt_pad_required                          | Total                     | 3
decoder.event.ipv6.zero_len_padn                             | Total                     | 3
app_layer.flow.failed_udp                                    | Total                     | 2
flow.end.state.new                                           | Total                     | 3
flow.mgr.full_hash_pass                                      | Total                     | 78
flow.mgr.rows_per_sec                                        | Total                     | 6553
flow.spare                                                   | Total                     | 9803
flow.mgr.rows_maxlen                                         | Total                     | 1
flow.mgr.flows_checked                                       | Total                     | 6
flow.mgr.flows_notimeout                                     | Total                     | 3
flow.mgr.flows_timeout                                       | Total                     | 3
flow.mgr.flows_evicted                                       | Total                     | 3
memcap.pressure                                              | Total                     | 5
memcap.pressure_max                                          | Total                     | 5
defrag.memuse                                                | Total                     | 33554432
flow.recycler.recycled                                       | Total                     | 3
flow.recycler.queue_max                                      | Total                     | 1
tcp.memuse                                                   | Total                     | 2490368
tcp.reassembly_memuse                                        | Total                     | 458752
http.byterange.memuse                                        | Total                     | 168384
http.byterange.memcap                                        | Total                     | 104857600
ippair.memuse                                                | Total                     | 398144
ippair.memcap                                                | Total                     | 16777216
host.memuse                                                  | Total                     | 382144
host.memcap                                                  | Total                     | 33554432
flow.memuse                                                  | Total                     | 7234304
---------------------------------------------------------------------------------------------------
Date: 8/31/2026 -- 23:50:11 (uptime: 0d, 00h 14m 09s)
---------------------------------------------------------------------------------------------------
Counter                                                      | TM Name                   | Value
---------------------------------------------------------------------------------------------------
capture.kernel_packets                                       | Total                     | 8
capture.afpacket.polls                                       | Total                     | 31679
capture.afpacket.poll_timeout                                | Total                     | 31676
capture.afpacket.poll_data                                   | Total                     | 3
decoder.pkts                                                 | Total                     | 8
decoder.bytes                                                | Total                     | 1750
decoder.ipv4                                                 | Total                     | 4
decoder.ipv6                                                 | Total                     | 4
decoder.ethernet                                             | Total                     | 8
decoder.udp                                                  | Total                     | 2
decoder.icmpv6                                               | Total                     | 3
decoder.avg_pkt_size                                         | Total                     | 218
decoder.max_pkt_size                                         | Total                     | 669
flow.total                                                   | Total                     | 3
flow.udp                                                     | Total                     | 2
flow.icmpv6                                                  | Total                     | 1
flow.wrk.spare_sync_avg                                      | Total                     | 100
flow.wrk.spare_sync                                          | Total                     | 2
decoder.event.ipv4.opt_pad_required                          | Total                     | 3
decoder.event.ipv6.zero_len_padn                             | Total                     | 3
app_layer.flow.failed_udp                                    | Total                     | 2
flow.end.state.new                                           | Total                     | 3
flow.mgr.full_hash_pass                                      | Total                     | 79
flow.mgr.rows_per_sec                                        | Total                     | 6553
flow.spare                                                   | Total                     | 9803
flow.mgr.rows_maxlen                                         | Total                     | 1
flow.mgr.flows_checked                                       | Total                     | 6
flow.mgr.flows_notimeout                                     | Total                     | 3
flow.mgr.flows_timeout                                       | Total                     | 3
flow.mgr.flows_evicted                                       | Total                     | 3
memcap.pressure                                              | Total                     | 5
memcap.pressure_max                                          | Total                     | 5
defrag.memuse                                                | Total                     | 33554432
flow.recycler.recycled                                       | Total                     | 3
flow.recycler.queue_max                                      | Total                     | 1
tcp.memuse                                                   | Total                     | 2490368
tcp.reassembly_memuse                                        | Total                     | 458752
http.byterange.memuse                                        | Total                     | 168384
http.byterange.memcap                                        | Total                     | 104857600
ippair.memuse                                                | Total                     | 398144
ippair.memcap                                                | Total                     | 16777216
host.memuse                                                  | Total                     | 382144
host.memcap                                                  | Total                     | 33554432
flow.memuse                                                  | Total                     | 7234304
---------------------------------------------------------------------------------------------------
Date: 8/31/2026 -- 23:50:19 (uptime: 0d, 00h 14m 17s)
---------------------------------------------------------------------------------------------------
Counter                                                      | TM Name                   | Value
---------------------------------------------------------------------------------------------------
capture.kernel_packets                                       | Total                     | 8
capture.afpacket.polls                                       | Total                     | 32038
capture.afpacket.poll_timeout                                | Total                     | 32035
capture.afpacket.poll_data                                   | Total                     | 3
decoder.pkts                                                 | Total                     | 8
decoder.bytes                                                | Total                     | 1750
decoder.ipv4                                                 | Total                     | 4
decoder.ipv6                                                 | Total                     | 4
decoder.ethernet                                             | Total                     | 8
decoder.udp                                                  | Total                     | 2
decoder.icmpv6                                               | Total                     | 3
decoder.avg_pkt_size                                         | Total                     | 218
decoder.max_pkt_size                                         | Total                     | 669
flow.total                                                   | Total                     | 3
flow.udp                                                     | Total                     | 2
flow.icmpv6                                                  | Total                     | 1
flow.wrk.spare_sync_avg                                      | Total                     | 100
flow.wrk.spare_sync                                          | Total                     | 2
decoder.event.ipv4.opt_pad_required                          | Total                     | 3
decoder.event.ipv6.zero_len_padn                             | Total                     | 3
app_layer.flow.failed_udp                                    | Total                     | 2
flow.end.state.new                                           | Total                     | 3
flow.mgr.full_hash_pass                                      | Total                     | 80
flow.mgr.rows_per_sec                                        | Total                     | 6553
flow.spare                                                   | Total                     | 9803
flow.mgr.rows_maxlen                                         | Total                     | 1
flow.mgr.flows_checked                                       | Total                     | 6
flow.mgr.flows_notimeout                                     | Total                     | 3
flow.mgr.flows_timeout                                       | Total                     | 3
flow.mgr.flows_evicted                                       | Total                     | 3
memcap.pressure                                              | Total                     | 5
memcap.pressure_max                                          | Total                     | 5
defrag.memuse                                                | Total                     | 33554432
flow.recycler.recycled                                       | Total                     | 3
flow.recycler.queue_max                                      | Total                     | 1
tcp.memuse                                                   | Total                     | 2490368
tcp.reassembly_memuse                                        | Total                     | 458752
http.byterange.memuse                                        | Total                     | 168384
http.byterange.memcap                                        | Total                     | 104857600
ippair.memuse                                                | Total                     | 398144
ippair.memcap                                                | Total                     | 16777216
host.memuse                                                  | Total                     | 382144
host.memcap                                                  | Total                     | 33554432
flow.memuse                                                  | Total                     | 7234304
---------------------------------------------------------------------------------------------------
Date: 8/31/2026 -- 23:50:27 (uptime: 0d, 00h 14m 25s)
---------------------------------------------------------------------------------------------------
Counter                                                      | TM Name                   | Value
---------------------------------------------------------------------------------------------------
capture.kernel_packets                                       | Total                     | 8
capture.afpacket.polls                                       | Total                     | 32395
capture.afpacket.poll_timeout                                | Total                     | 32392
capture.afpacket.poll_data                                   | Total                     | 3
decoder.pkts                                                 | Total                     | 8
decoder.bytes                                                | Total                     | 1750
decoder.ipv4                                                 | Total                     | 4
decoder.ipv6                                                 | Total                     | 4
decoder.ethernet                                             | Total                     | 8
decoder.udp                                                  | Total                     | 2
decoder.icmpv6                                               | Total                     | 3
decoder.avg_pkt_size                                         | Total                     | 218
decoder.max_pkt_size                                         | Total                     | 669
flow.total                                                   | Total                     | 3
flow.udp                                                     | Total                     | 2
flow.icmpv6                                                  | Total                     | 1
flow.wrk.spare_sync_avg                                      | Total                     | 100
flow.wrk.spare_sync                                          | Total                     | 2
decoder.event.ipv4.opt_pad_required                          | Total                     | 3
decoder.event.ipv6.zero_len_padn                             | Total                     | 3
app_layer.flow.failed_udp                                    | Total                     | 2
flow.end.state.new                                           | Total                     | 3
flow.mgr.full_hash_pass                                      | Total                     | 81
flow.mgr.rows_per_sec                                        | Total                     | 6553
flow.spare                                                   | Total                     | 9803
flow.mgr.rows_maxlen                                         | Total                     | 1
flow.mgr.flows_checked                                       | Total                     | 6
flow.mgr.flows_notimeout                                     | Total                     | 3
flow.mgr.flows_timeout                                       | Total                     | 3
flow.mgr.flows_evicted                                       | Total                     | 3
memcap.pressure                                              | Total                     | 5
memcap.pressure_max                                          | Total                     | 5
defrag.memuse                                                | Total                     | 33554432
flow.recycler.recycled                                       | Total                     | 3
flow.recycler.queue_max                                      | Total                     | 1
tcp.memuse                                                   | Total                     | 2490368
tcp.reassembly_memuse                                        | Total                     | 458752
http.byterange.memuse                                        | Total                     | 168384
http.byterange.memcap                                        | Total                     | 104857600
ippair.memuse                                                | Total                     | 398144
ippair.memcap                                                | Total                     | 16777216
host.memuse                                                  | Total                     | 382144
host.memcap                                                  | Total                     | 33554432
flow.memuse                                                  | Total                     | 7234304
---------------------------------------------------------------------------------------------------
Date: 8/31/2026 -- 23:50:35 (uptime: 0d, 00h 14m 33s)
---------------------------------------------------------------------------------------------------
Counter                                                      | TM Name                   | Value
---------------------------------------------------------------------------------------------------
capture.kernel_packets                                       | Total                     | 8
capture.afpacket.polls                                       | Total                     | 32631
capture.afpacket.poll_timeout                                | Total                     | 32628
capture.afpacket.poll_data                                   | Total                     | 3
decoder.pkts                                                 | Total                     | 8
decoder.bytes                                                | Total                     | 1750
decoder.ipv4                                                 | Total                     | 4
decoder.ipv6                                                 | Total                     | 4
decoder.ethernet                                             | Total                     | 8
decoder.udp                                                  | Total                     | 2
decoder.icmpv6                                               | Total                     | 3
decoder.avg_pkt_size                                         | Total                     | 218
decoder.max_pkt_size                                         | Total                     | 669
flow.total                                                   | Total                     | 3
flow.udp                                                     | Total                     | 2
flow.icmpv6                                                  | Total                     | 1
flow.wrk.spare_sync_avg                                      | Total                     | 100
flow.wrk.spare_sync                                          | Total                     | 2
decoder.event.ipv4.opt_pad_required                          | Total                     | 3
decoder.event.ipv6.zero_len_padn                             | Total                     | 3
app_layer.flow.failed_udp                                    | Total                     | 2
flow.end.state.new                                           | Total                     | 3
flow.mgr.full_hash_pass                                      | Total                     | 82
flow.mgr.rows_per_sec                                        | Total                     | 6553
flow.spare                                                   | Total                     | 9803
flow.mgr.rows_maxlen                                         | Total                     | 1
flow.mgr.flows_checked                                       | Total                     | 6
flow.mgr.flows_notimeout                                     | Total                     | 3
flow.mgr.flows_timeout                                       | Total                     | 3
flow.mgr.flows_evicted                                       | Total                     | 3
memcap.pressure                                              | Total                     | 5
memcap.pressure_max                                          | Total                     | 5
defrag.memuse                                                | Total                     | 33554432
flow.recycler.recycled                                       | Total                     | 3
flow.recycler.queue_max                                      | Total                     | 1
tcp.memuse                                                   | Total                     | 2490368
tcp.reassembly_memuse                                        | Total                     | 458752
http.byterange.memuse                                        | Total                     | 168384
http.byterange.memcap                                        | Total                     | 104857600
ippair.memuse                                                | Total                     | 398144
ippair.memcap                                                | Total                     | 16777216
host.memuse                                                  | Total                     | 382144
host.memcap                                                  | Total                     | 33554432
flow.memuse                                                  | Total                     | 7234304
---------------------------------------------------------------------------------------------------
Date: 8/31/2026 -- 23:50:43 (uptime: 0d, 00h 14m 41s)
---------------------------------------------------------------------------------------------------
Counter                                                      | TM Name                   | Value
---------------------------------------------------------------------------------------------------
capture.kernel_packets                                       | Total                     | 8
capture.afpacket.polls                                       | Total                     | 32987
capture.afpacket.poll_timeout                                | Total                     | 32984
capture.afpacket.poll_data                                   | Total                     | 3
decoder.pkts                                                 | Total                     | 8
decoder.bytes                                                | Total                     | 1750
decoder.ipv4                                                 | Total                     | 4
decoder.ipv6                                                 | Total                     | 4
decoder.ethernet                                             | Total                     | 8
decoder.udp                                                  | Total                     | 2
decoder.icmpv6                                               | Total                     | 3
decoder.avg_pkt_size                                         | Total                     | 218
decoder.max_pkt_size                                         | Total                     | 669
flow.total                                                   | Total                     | 3
flow.udp                                                     | Total                     | 2
flow.icmpv6                                                  | Total                     | 1
flow.wrk.spare_sync_avg                                      | Total                     | 100
flow.wrk.spare_sync                                          | Total                     | 2
decoder.event.ipv4.opt_pad_required                          | Total                     | 3
decoder.event.ipv6.zero_len_padn                             | Total                     | 3
app_layer.flow.failed_udp                                    | Total                     | 2
flow.end.state.new                                           | Total                     | 3
flow.mgr.full_hash_pass                                      | Total                     | 83
flow.mgr.rows_per_sec                                        | Total                     | 6553
flow.spare                                                   | Total                     | 9803
flow.mgr.rows_maxlen                                         | Total                     | 1
flow.mgr.flows_checked                                       | Total                     | 6
flow.mgr.flows_notimeout                                     | Total                     | 3
flow.mgr.flows_timeout                                       | Total                     | 3
flow.mgr.flows_evicted                                       | Total                     | 3
memcap.pressure                                              | Total                     | 5
memcap.pressure_max                                          | Total                     | 5
defrag.memuse                                                | Total                     | 33554432
flow.recycler.recycled                                       | Total                     | 3
flow.recycler.queue_max                                      | Total                     | 1
tcp.memuse                                                   | Total                     | 2490368
tcp.reassembly_memuse                                        | Total                     | 458752
http.byterange.memuse                                        | Total                     | 168384
http.byterange.memcap                                        | Total                     | 104857600
ippair.memuse                                                | Total                     | 398144
ippair.memcap                                                | Total                     | 16777216
host.memuse                                                  | Total                     | 382144
host.memcap                                                  | Total                     | 33554432
flow.memuse                                                  | Total                     | 7234304
---------------------------------------------------------------------------------------------------
Date: 8/31/2026 -- 23:50:51 (uptime: 0d, 00h 14m 49s)
---------------------------------------------------------------------------------------------------
Counter                                                      | TM Name                   | Value
---------------------------------------------------------------------------------------------------
capture.kernel_packets                                       | Total                     | 8
capture.afpacket.polls                                       | Total                     | 33347
capture.afpacket.poll_timeout                                | Total                     | 33344
capture.afpacket.poll_data                                   | Total                     | 3
decoder.pkts                                                 | Total                     | 8
decoder.bytes                                                | Total                     | 1750
decoder.ipv4                                                 | Total                     | 4
decoder.ipv6                                                 | Total                     | 4
decoder.ethernet                                             | Total                     | 8
decoder.udp                                                  | Total                     | 2
decoder.icmpv6                                               | Total                     | 3
decoder.avg_pkt_size                                         | Total                     | 218
decoder.max_pkt_size                                         | Total                     | 669
flow.total                                                   | Total                     | 3
flow.udp                                                     | Total                     | 2
flow.icmpv6                                                  | Total                     | 1
flow.wrk.spare_sync_avg                                      | Total                     | 100
flow.wrk.spare_sync                                          | Total                     | 2
decoder.event.ipv4.opt_pad_required                          | Total                     | 3
decoder.event.ipv6.zero_len_padn                             | Total                     | 3
app_layer.flow.failed_udp                                    | Total                     | 2
flow.end.state.new                                           | Total                     | 3
flow.mgr.full_hash_pass                                      | Total                     | 83
flow.mgr.rows_per_sec                                        | Total                     | 6553
flow.spare                                                   | Total                     | 9803
flow.mgr.rows_maxlen                                         | Total                     | 1
flow.mgr.flows_checked                                       | Total                     | 6
flow.mgr.flows_notimeout                                     | Total                     | 3
flow.mgr.flows_timeout                                       | Total                     | 3
flow.mgr.flows_evicted                                       | Total                     | 3
memcap.pressure                                              | Total                     | 5
memcap.pressure_max                                          | Total                     | 5
defrag.memuse                                                | Total                     | 33554432
flow.recycler.recycled                                       | Total                     | 3
flow.recycler.queue_max                                      | Total                     | 1
tcp.memuse                                                   | Total                     | 2490368
tcp.reassembly_memuse                                        | Total                     | 458752
http.byterange.memuse                                        | Total                     | 168384
http.byterange.memcap                                        | Total                     | 104857600
ippair.memuse                                                | Total                     | 398144
ippair.memcap                                                | Total                     | 16777216
host.memuse                                                  | Total                     | 382144
host.memcap                                                  | Total                     | 33554432
flow.memuse                                                  | Total                     | 7234304
---------------------------------------------------------------------------------------------------
Date: 8/31/2026 -- 23:50:59 (uptime: 0d, 00h 14m 57s)
---------------------------------------------------------------------------------------------------
Counter                                                      | TM Name                   | Value
---------------------------------------------------------------------------------------------------
capture.kernel_packets                                       | Total                     | 8
capture.afpacket.polls                                       | Total                     | 33585
capture.afpacket.poll_timeout                                | Total                     | 33582
capture.afpacket.poll_data                                   | Total                     | 3
decoder.pkts                                                 | Total                     | 8
decoder.bytes                                                | Total                     | 1750
decoder.ipv4                                                 | Total                     | 4
decoder.ipv6                                                 | Total                     | 4
decoder.ethernet                                             | Total                     | 8
decoder.udp                                                  | Total                     | 2
decoder.icmpv6                                               | Total                     | 3
decoder.avg_pkt_size                                         | Total                     | 218
decoder.max_pkt_size                                         | Total                     | 669
flow.total                                                   | Total                     | 3
flow.udp                                                     | Total                     | 2
flow.icmpv6                                                  | Total                     | 1
flow.wrk.spare_sync_avg                                      | Total                     | 100
flow.wrk.spare_sync                                          | Total                     | 2
decoder.event.ipv4.opt_pad_required                          | Total                     | 3
decoder.event.ipv6.zero_len_padn                             | Total                     | 3
app_layer.flow.failed_udp                                    | Total                     | 2
flow.end.state.new                                           | Total                     | 3
flow.mgr.full_hash_pass                                      | Total                     | 84
flow.mgr.rows_per_sec                                        | Total                     | 6553
flow.spare                                                   | Total                     | 9803
flow.mgr.rows_maxlen                                         | Total                     | 1
flow.mgr.flows_checked                                       | Total                     | 6
flow.mgr.flows_notimeout                                     | Total                     | 3
flow.mgr.flows_timeout                                       | Total                     | 3
flow.mgr.flows_evicted                                       | Total                     | 3
memcap.pressure                                              | Total                     | 5
memcap.pressure_max                                          | Total                     | 5
defrag.memuse                                                | Total                     | 33554432
flow.recycler.recycled                                       | Total                     | 3
flow.recycler.queue_max                                      | Total                     | 1
tcp.memuse                                                   | Total                     | 2490368
tcp.reassembly_memuse                                        | Total                     | 458752
http.byterange.memuse                                        | Total                     | 168384
http.byterange.memcap                                        | Total                     | 104857600
ippair.memuse                                                | Total                     | 398144
ippair.memcap                                                | Total                     | 16777216
host.memuse                                                  | Total                     | 382144
host.memcap                                                  | Total                     | 33554432
flow.memuse                                                  | Total                     | 7234304
---------------------------------------------------------------------------------------------------
Date: 8/31/2026 -- 23:51:07 (uptime: 0d, 00h 15m 05s)
---------------------------------------------------------------------------------------------------
Counter                                                      | TM Name                   | Value
---------------------------------------------------------------------------------------------------
capture.kernel_packets                                       | Total                     | 8
capture.afpacket.polls                                       | Total                     | 33943
capture.afpacket.poll_timeout                                | Total                     | 33940
capture.afpacket.poll_data                                   | Total                     | 3
decoder.pkts                                                 | Total                     | 8
decoder.bytes                                                | Total                     | 1750
decoder.ipv4                                                 | Total                     | 4
decoder.ipv6                                                 | Total                     | 4
decoder.ethernet                                             | Total                     | 8
decoder.udp                                                  | Total                     | 2
decoder.icmpv6                                               | Total                     | 3
decoder.avg_pkt_size                                         | Total                     | 218
decoder.max_pkt_size                                         | Total                     | 669
flow.total                                                   | Total                     | 3
flow.udp                                                     | Total                     | 2
flow.icmpv6                                                  | Total                     | 1
flow.wrk.spare_sync_avg                                      | Total                     | 100
flow.wrk.spare_sync                                          | Total                     | 2
decoder.event.ipv4.opt_pad_required                          | Total                     | 3
decoder.event.ipv6.zero_len_padn                             | Total                     | 3
app_layer.flow.failed_udp                                    | Total                     | 2
flow.end.state.new                                           | Total                     | 3
flow.mgr.full_hash_pass                                      | Total                     | 85
flow.mgr.rows_per_sec                                        | Total                     | 6553
flow.spare                                                   | Total                     | 9803
flow.mgr.rows_maxlen                                         | Total                     | 1
flow.mgr.flows_checked                                       | Total                     | 6
flow.mgr.flows_notimeout                                     | Total                     | 3
flow.mgr.flows_timeout                                       | Total                     | 3
flow.mgr.flows_evicted                                       | Total                     | 3
memcap.pressure                                              | Total                     | 5
memcap.pressure_max                                          | Total                     | 5
defrag.memuse                                                | Total                     | 33554432
flow.recycler.recycled                                       | Total                     | 3
flow.recycler.queue_max                                      | Total                     | 1
tcp.memuse                                                   | Total                     | 2490368
tcp.reassembly_memuse                                        | Total                     | 458752
http.byterange.memuse                                        | Total                     | 168384
http.byterange.memcap                                        | Total                     | 104857600
ippair.memuse                                                | Total                     | 398144
ippair.memcap                                                | Total                     | 16777216
host.memuse                                                  | Total                     | 382144
host.memcap                                                  | Total                     | 33554432
flow.memuse                                                  | Total                     | 7234304
---------------------------------------------------------------------------------------------------
Date: 8/31/2026 -- 23:51:15 (uptime: 0d, 00h 15m 13s)
---------------------------------------------------------------------------------------------------
Counter                                                      | TM Name                   | Value
---------------------------------------------------------------------------------------------------
capture.kernel_packets                                       | Total                     | 8
capture.afpacket.polls                                       | Total                     | 34319
capture.afpacket.poll_timeout                                | Total                     | 34316
capture.afpacket.poll_data                                   | Total                     | 3
decoder.pkts                                                 | Total                     | 8
decoder.bytes                                                | Total                     | 1750
decoder.ipv4                                                 | Total                     | 4
decoder.ipv6                                                 | Total                     | 4
decoder.ethernet                                             | Total                     | 8
decoder.udp                                                  | Total                     | 2
decoder.icmpv6                                               | Total                     | 3
decoder.avg_pkt_size                                         | Total                     | 218
decoder.max_pkt_size                                         | Total                     | 669
flow.total                                                   | Total                     | 3
flow.udp                                                     | Total                     | 2
flow.icmpv6                                                  | Total                     | 1
flow.wrk.spare_sync_avg                                      | Total                     | 100
flow.wrk.spare_sync                                          | Total                     | 2
decoder.event.ipv4.opt_pad_required                          | Total                     | 3
decoder.event.ipv6.zero_len_padn                             | Total                     | 3
app_layer.flow.failed_udp                                    | Total                     | 2
flow.end.state.new                                           | Total                     | 3
flow.mgr.full_hash_pass                                      | Total                     | 86
flow.mgr.rows_per_sec                                        | Total                     | 6553
flow.spare                                                   | Total                     | 9803
flow.mgr.rows_maxlen                                         | Total                     | 1
flow.mgr.flows_checked                                       | Total                     | 6
flow.mgr.flows_notimeout                                     | Total                     | 3
flow.mgr.flows_timeout                                       | Total                     | 3
flow.mgr.flows_evicted                                       | Total                     | 3
memcap.pressure                                              | Total                     | 5
memcap.pressure_max                                          | Total                     | 5
defrag.memuse                                                | Total                     | 33554432
flow.recycler.recycled                                       | Total                     | 3
flow.recycler.queue_max                                      | Total                     | 1
tcp.memuse                                                   | Total                     | 2490368
tcp.reassembly_memuse                                        | Total                     | 458752
http.byterange.memuse                                        | Total                     | 168384
http.byterange.memcap                                        | Total                     | 104857600
ippair.memuse                                                | Total                     | 398144
ippair.memcap                                                | Total                     | 16777216
host.memuse                                                  | Total                     | 382144
host.memcap                                                  | Total                     | 33554432
flow.memuse                                                  | Total                     | 7234304
---------------------------------------------------------------------------------------------------
Date: 8/31/2026 -- 23:51:23 (uptime: 0d, 00h 15m 21s)
---------------------------------------------------------------------------------------------------
Counter                                                      | TM Name                   | Value
---------------------------------------------------------------------------------------------------
capture.kernel_packets                                       | Total                     | 8
capture.afpacket.polls                                       | Total                     | 34555
capture.afpacket.poll_timeout                                | Total                     | 34552
capture.afpacket.poll_data                                   | Total                     | 3
decoder.pkts                                                 | Total                     | 8
decoder.bytes                                                | Total                     | 1750
decoder.ipv4                                                 | Total                     | 4
decoder.ipv6                                                 | Total                     | 4
decoder.ethernet                                             | Total                     | 8
decoder.udp                                                  | Total                     | 2
decoder.icmpv6                                               | Total                     | 3
decoder.avg_pkt_size                                         | Total                     | 218
decoder.max_pkt_size                                         | Total                     | 669
flow.total                                                   | Total                     | 3
flow.udp                                                     | Total                     | 2
flow.icmpv6                                                  | Total                     | 1
flow.wrk.spare_sync_avg                                      | Total                     | 100
flow.wrk.spare_sync                                          | Total                     | 2
decoder.event.ipv4.opt_pad_required                          | Total                     | 3
decoder.event.ipv6.zero_len_padn                             | Total                     | 3
app_layer.flow.failed_udp                                    | Total                     | 2
flow.end.state.new                                           | Total                     | 3
flow.mgr.full_hash_pass                                      | Total                     | 87
flow.mgr.rows_per_sec                                        | Total                     | 6553
flow.spare                                                   | Total                     | 9803
flow.mgr.rows_maxlen                                         | Total                     | 1
flow.mgr.flows_checked                                       | Total                     | 6
flow.mgr.flows_notimeout                                     | Total                     | 3
flow.mgr.flows_timeout                                       | Total                     | 3
flow.mgr.flows_evicted                                       | Total                     | 3
memcap.pressure                                              | Total                     | 5
memcap.pressure_max                                          | Total                     | 5
defrag.memuse                                                | Total                     | 33554432
flow.recycler.recycled                                       | Total                     | 3
flow.recycler.queue_max                                      | Total                     | 1
tcp.memuse                                                   | Total                     | 2490368
tcp.reassembly_memuse                                        | Total                     | 458752
http.byterange.memuse                                        | Total                     | 168384
http.byterange.memcap                                        | Total                     | 104857600
ippair.memuse                                                | Total                     | 398144
ippair.memcap                                                | Total                     | 16777216
host.memuse                                                  | Total                     | 382144
host.memcap                                                  | Total                     | 33554432
flow.memuse                                                  | Total                     | 7234304
---------------------------------------------------------------------------------------------------
Date: 8/31/2026 -- 23:51:31 (uptime: 0d, 00h 15m 29s)
---------------------------------------------------------------------------------------------------
Counter                                                      | TM Name                   | Value
---------------------------------------------------------------------------------------------------
capture.kernel_packets                                       | Total                     | 8
capture.afpacket.polls                                       | Total                     | 34913
capture.afpacket.poll_timeout                                | Total                     | 34910
capture.afpacket.poll_data                                   | Total                     | 3
decoder.pkts                                                 | Total                     | 8
decoder.bytes                                                | Total                     | 1750
decoder.ipv4                                                 | Total                     | 4
decoder.ipv6                                                 | Total                     | 4
decoder.ethernet                                             | Total                     | 8
decoder.udp                                                  | Total                     | 2
decoder.icmpv6                                               | Total                     | 3
decoder.avg_pkt_size                                         | Total                     | 218
decoder.max_pkt_size                                         | Total                     | 669
flow.total                                                   | Total                     | 3
flow.udp                                                     | Total                     | 2
flow.icmpv6                                                  | Total                     | 1
flow.wrk.spare_sync_avg                                      | Total                     | 100
flow.wrk.spare_sync                                          | Total                     | 2
decoder.event.ipv4.opt_pad_required                          | Total                     | 3
decoder.event.ipv6.zero_len_padn                             | Total                     | 3
app_layer.flow.failed_udp                                    | Total                     | 2
flow.end.state.new                                           | Total                     | 3
flow.mgr.full_hash_pass                                      | Total                     | 87
flow.mgr.rows_per_sec                                        | Total                     | 6553
flow.spare                                                   | Total                     | 9803
flow.mgr.rows_maxlen                                         | Total                     | 1
flow.mgr.flows_checked                                       | Total                     | 6
flow.mgr.flows_notimeout                                     | Total                     | 3
flow.mgr.flows_timeout                                       | Total                     | 3
flow.mgr.flows_evicted                                       | Total                     | 3
memcap.pressure                                              | Total                     | 5
memcap.pressure_max                                          | Total                     | 5
defrag.memuse                                                | Total                     | 33554432
flow.recycler.recycled                                       | Total                     | 3
flow.recycler.queue_max                                      | Total                     | 1
tcp.memuse                                                   | Total                     | 2490368
tcp.reassembly_memuse                                        | Total                     | 458752
http.byterange.memuse                                        | Total                     | 168384
http.byterange.memcap                                        | Total                     | 104857600
ippair.memuse                                                | Total                     | 398144
ippair.memcap                                                | Total                     | 16777216
host.memuse                                                  | Total                     | 382144
host.memcap                                                  | Total                     | 33554432
flow.memuse                                                  | Total                     | 7234304
---------------------------------------------------------------------------------------------------
Date: 8/31/2026 -- 23:51:39 (uptime: 0d, 00h 15m 37s)
---------------------------------------------------------------------------------------------------
Counter                                                      | TM Name                   | Value
---------------------------------------------------------------------------------------------------
capture.kernel_packets                                       | Total                     | 8
capture.afpacket.polls                                       | Total                     | 35272
capture.afpacket.poll_timeout                                | Total                     | 35269
capture.afpacket.poll_data                                   | Total                     | 3
decoder.pkts                                                 | Total                     | 8
decoder.bytes                                                | Total                     | 1750
decoder.ipv4                                                 | Total                     | 4
decoder.ipv6                                                 | Total                     | 4
decoder.ethernet                                             | Total                     | 8
decoder.udp                                                  | Total                     | 2
decoder.icmpv6                                               | Total                     | 3
decoder.avg_pkt_size                                         | Total                     | 218
decoder.max_pkt_size                                         | Total                     | 669
flow.total                                                   | Total                     | 3
flow.udp                                                     | Total                     | 2
flow.icmpv6                                                  | Total                     | 1
flow.wrk.spare_sync_avg                                      | Total                     | 100
flow.wrk.spare_sync                                          | Total                     | 2
decoder.event.ipv4.opt_pad_required                          | Total                     | 3
decoder.event.ipv6.zero_len_padn                             | Total                     | 3
app_layer.flow.failed_udp                                    | Total                     | 2
flow.end.state.new                                           | Total                     | 3
flow.mgr.full_hash_pass                                      | Total                     | 88
flow.mgr.rows_per_sec                                        | Total                     | 6553
flow.spare                                                   | Total                     | 9803
flow.mgr.rows_maxlen                                         | Total                     | 1
flow.mgr.flows_checked                                       | Total                     | 6
flow.mgr.flows_notimeout                                     | Total                     | 3
flow.mgr.flows_timeout                                       | Total                     | 3
flow.mgr.flows_evicted                                       | Total                     | 3
memcap.pressure                                              | Total                     | 5
memcap.pressure_max                                          | Total                     | 5
defrag.memuse                                                | Total                     | 33554432
flow.recycler.recycled                                       | Total                     | 3
flow.recycler.queue_max                                      | Total                     | 1
tcp.memuse                                                   | Total                     | 2490368
tcp.reassembly_memuse                                        | Total                     | 458752
http.byterange.memuse                                        | Total                     | 168384
http.byterange.memcap                                        | Total                     | 104857600
ippair.memuse                                                | Total                     | 398144
ippair.memcap                                                | Total                     | 16777216
host.memuse                                                  | Total                     | 382144
host.memcap                                                  | Total                     | 33554432
flow.memuse                                                  | Total                     | 7234304
---------------------------------------------------------------------------------------------------
Date: 8/31/2026 -- 23:51:47 (uptime: 0d, 00h 15m 45s)
---------------------------------------------------------------------------------------------------
Counter                                                      | TM Name                   | Value
---------------------------------------------------------------------------------------------------
capture.kernel_packets                                       | Total                     | 8
capture.afpacket.polls                                       | Total                     | 35511
capture.afpacket.poll_timeout                                | Total                     | 35508
capture.afpacket.poll_data                                   | Total                     | 3
decoder.pkts                                                 | Total                     | 8
decoder.bytes                                                | Total                     | 1750
decoder.ipv4                                                 | Total                     | 4
decoder.ipv6                                                 | Total                     | 4
decoder.ethernet                                             | Total                     | 8
decoder.udp                                                  | Total                     | 2
decoder.icmpv6                                               | Total                     | 3
decoder.avg_pkt_size                                         | Total                     | 218
decoder.max_pkt_size                                         | Total                     | 669
flow.total                                                   | Total                     | 3
flow.udp                                                     | Total                     | 2
flow.icmpv6                                                  | Total                     | 1
flow.wrk.spare_sync_avg                                      | Total                     | 100
flow.wrk.spare_sync                                          | Total                     | 2
decoder.event.ipv4.opt_pad_required                          | Total                     | 3
decoder.event.ipv6.zero_len_padn                             | Total                     | 3
app_layer.flow.failed_udp                                    | Total                     | 2
flow.end.state.new                                           | Total                     | 3
flow.mgr.full_hash_pass                                      | Total                     | 89
flow.mgr.rows_per_sec                                        | Total                     | 6553
flow.spare                                                   | Total                     | 9803
flow.mgr.rows_maxlen                                         | Total                     | 1
flow.mgr.flows_checked                                       | Total                     | 6
flow.mgr.flows_notimeout                                     | Total                     | 3
flow.mgr.flows_timeout                                       | Total                     | 3
flow.mgr.flows_evicted                                       | Total                     | 3
memcap.pressure                                              | Total                     | 5
memcap.pressure_max                                          | Total                     | 5
defrag.memuse                                                | Total                     | 33554432
flow.recycler.recycled                                       | Total                     | 3
flow.recycler.queue_max                                      | Total                     | 1
tcp.memuse                                                   | Total                     | 2490368
tcp.reassembly_memuse                                        | Total                     | 458752
http.byterange.memuse                                        | Total                     | 168384
http.byterange.memcap                                        | Total                     | 104857600
ippair.memuse                                                | Total                     | 398144
ippair.memcap                                                | Total                     | 16777216
host.memuse                                                  | Total                     | 382144
host.memcap                                                  | Total                     | 33554432
flow.memuse                                                  | Total                     | 7234304
---------------------------------------------------------------------------------------------------
Date: 8/31/2026 -- 23:51:55 (uptime: 0d, 00h 15m 53s)
---------------------------------------------------------------------------------------------------
Counter                                                      | TM Name                   | Value
---------------------------------------------------------------------------------------------------
capture.kernel_packets                                       | Total                     | 8
capture.afpacket.polls                                       | Total                     | 35868
capture.afpacket.poll_timeout                                | Total                     | 35865
capture.afpacket.poll_data                                   | Total                     | 3
decoder.pkts                                                 | Total                     | 8
decoder.bytes                                                | Total                     | 1750
decoder.ipv4                                                 | Total                     | 4
decoder.ipv6                                                 | Total                     | 4
decoder.ethernet                                             | Total                     | 8
decoder.udp                                                  | Total                     | 2
decoder.icmpv6                                               | Total                     | 3
decoder.avg_pkt_size                                         | Total                     | 218
decoder.max_pkt_size                                         | Total                     | 669
flow.total                                                   | Total                     | 3
flow.udp                                                     | Total                     | 2
flow.icmpv6                                                  | Total                     | 1
flow.wrk.spare_sync_avg                                      | Total                     | 100
flow.wrk.spare_sync                                          | Total                     | 2
decoder.event.ipv4.opt_pad_required                          | Total                     | 3
decoder.event.ipv6.zero_len_padn                             | Total                     | 3
app_layer.flow.failed_udp                                    | Total                     | 2
flow.end.state.new                                           | Total                     | 3
flow.mgr.full_hash_pass                                      | Total                     | 90
flow.mgr.rows_per_sec                                        | Total                     | 6553
flow.spare                                                   | Total                     | 9803
flow.mgr.rows_maxlen                                         | Total                     | 1
flow.mgr.flows_checked                                       | Total                     | 6
flow.mgr.flows_notimeout                                     | Total                     | 3
flow.mgr.flows_timeout                                       | Total                     | 3
flow.mgr.flows_evicted                                       | Total                     | 3
memcap.pressure                                              | Total                     | 5
memcap.pressure_max                                          | Total                     | 5
defrag.memuse                                                | Total                     | 33554432
flow.recycler.recycled                                       | Total                     | 3
flow.recycler.queue_max                                      | Total                     | 1
tcp.memuse                                                   | Total                     | 2490368
tcp.reassembly_memuse                                        | Total                     | 458752
http.byterange.memuse                                        | Total                     | 168384
http.byterange.memcap                                        | Total                     | 104857600
ippair.memuse                                                | Total                     | 398144
ippair.memcap                                                | Total                     | 16777216
host.memuse                                                  | Total                     | 382144
host.memcap                                                  | Total                     | 33554432
flow.memuse                                                  | Total                     | 7234304
---------------------------------------------------------------------------------------------------
Date: 8/31/2026 -- 23:52:03 (uptime: 0d, 00h 16m 01s)
---------------------------------------------------------------------------------------------------
Counter                                                      | TM Name                   | Value
---------------------------------------------------------------------------------------------------
capture.kernel_packets                                       | Total                     | 8
capture.afpacket.polls                                       | Total                     | 36226
capture.afpacket.poll_timeout                                | Total                     | 36223
capture.afpacket.poll_data                                   | Total                     | 3
decoder.pkts                                                 | Total                     | 8
decoder.bytes                                                | Total                     | 1750
decoder.ipv4                                                 | Total                     | 4
decoder.ipv6                                                 | Total                     | 4
decoder.ethernet                                             | Total                     | 8
decoder.udp                                                  | Total                     | 2
decoder.icmpv6                                               | Total                     | 3
decoder.avg_pkt_size                                         | Total                     | 218
decoder.max_pkt_size                                         | Total                     | 669
flow.total                                                   | Total                     | 3
flow.udp                                                     | Total                     | 2
flow.icmpv6                                                  | Total                     | 1
flow.wrk.spare_sync_avg                                      | Total                     | 100
flow.wrk.spare_sync                                          | Total                     | 2
decoder.event.ipv4.opt_pad_required                          | Total                     | 3
decoder.event.ipv6.zero_len_padn                             | Total                     | 3
app_layer.flow.failed_udp                                    | Total                     | 2
flow.end.state.new                                           | Total                     | 3
flow.mgr.full_hash_pass                                      | Total                     | 91
flow.mgr.rows_per_sec                                        | Total                     | 6553
flow.spare                                                   | Total                     | 9803
flow.mgr.rows_maxlen                                         | Total                     | 1
flow.mgr.flows_checked                                       | Total                     | 6
flow.mgr.flows_notimeout                                     | Total                     | 3
flow.mgr.flows_timeout                                       | Total                     | 3
flow.mgr.flows_evicted                                       | Total                     | 3
memcap.pressure                                              | Total                     | 5
memcap.pressure_max                                          | Total                     | 5
defrag.memuse                                                | Total                     | 33554432
flow.recycler.recycled                                       | Total                     | 3
flow.recycler.queue_max                                      | Total                     | 1
tcp.memuse                                                   | Total                     | 2490368
tcp.reassembly_memuse                                        | Total                     | 458752
http.byterange.memuse                                        | Total                     | 168384
http.byterange.memcap                                        | Total                     | 104857600
ippair.memuse                                                | Total                     | 398144
ippair.memcap                                                | Total                     | 16777216
host.memuse                                                  | Total                     | 382144
host.memcap                                                  | Total                     | 33554432
flow.memuse                                                  | Total                     | 7234304
---------------------------------------------------------------------------------------------------
Date: 8/31/2026 -- 23:52:11 (uptime: 0d, 00h 16m 09s)
---------------------------------------------------------------------------------------------------
Counter                                                      | TM Name                   | Value
---------------------------------------------------------------------------------------------------
capture.kernel_packets                                       | Total                     | 2013
capture.kernel_drops                                         | Total                     | 1042
capture.afpacket.polls                                       | Total                     | 36463
capture.afpacket.poll_timeout                                | Total                     | 36451
capture.afpacket.poll_data                                   | Total                     | 12
decoder.pkts                                                 | Total                     | 974
decoder.bytes                                                | Total                     | 55838
decoder.ipv4                                                 | Total                     | 966
decoder.ipv6                                                 | Total                     | 4
decoder.ethernet                                             | Total                     | 974
decoder.arp                                                  | Total                     | 4
decoder.tcp                                                  | Total                     | 962
tcp.syn                                                      | Total                     | 480
tcp.synack                                                   | Total                     | 2
tcp.rst                                                      | Total                     | 479
decoder.udp                                                  | Total                     | 2
decoder.icmpv6                                               | Total                     | 3
decoder.avg_pkt_size                                         | Total                     | 57
decoder.max_pkt_size                                         | Total                     | 669
tcp.active_sessions                                          | Total                     | 480
flow.total                                                   | Total                     | 483
flow.active                                                  | Total                     | 480
flow.tcp                                                     | Total                     | 480
flow.udp                                                     | Total                     | 2
flow.icmpv6                                                  | Total                     | 1
flow.wrk.spare_sync_avg                                      | Total                     | 100
flow.wrk.spare_sync                                          | Total                     | 8
decoder.event.ipv4.opt_pad_required                          | Total                     | 3
decoder.event.ipv6.zero_len_padn                             | Total                     | 3
tcp.sessions                                                 | Total                     | 480
tcp.ssn_from_pool                                            | Total                     | 480
detect.alert                                                 | Total                     | 68
detect.alerts_suppressed                                     | Total                     | 1375
app_layer.flow.failed_udp                                    | Total                     | 2
flow.end.state.new                                           | Total                     | 3
flow.mgr.full_hash_pass                                      | Total                     | 91
flow.mgr.rows_per_sec                                        | Total                     | 6553
flow.spare                                                   | Total                     | 9803
flow.mgr.rows_maxlen                                         | Total                     | 1
flow.mgr.flows_checked                                       | Total                     | 6
flow.mgr.flows_notimeout                                     | Total                     | 3
flow.mgr.flows_timeout                                       | Total                     | 3
flow.mgr.flows_evicted                                       | Total                     | 3
memcap.pressure                                              | Total                     | 5
memcap.pressure_max                                          | Total                     | 5
defrag.memuse                                                | Total                     | 33554432
flow.recycler.recycled                                       | Total                     | 3
flow.recycler.queue_max                                      | Total                     | 1
tcp.memuse                                                   | Total                     | 2490368
tcp.reassembly_memuse                                        | Total                     | 458752
http.byterange.memuse                                        | Total                     | 168384
http.byterange.memcap                                        | Total                     | 104857600
ippair.memuse                                                | Total                     | 398144
ippair.memcap                                                | Total                     | 16777216
host.memuse                                                  | Total                     | 382144
host.memcap                                                  | Total                     | 33554432
flow.memuse                                                  | Total                     | 7234304
---------------------------------------------------------------------------------------------------
Date: 8/31/2026 -- 23:52:19 (uptime: 0d, 00h 16m 17s)
---------------------------------------------------------------------------------------------------
Counter                                                      | TM Name                   | Value
---------------------------------------------------------------------------------------------------
capture.kernel_packets                                       | Total                     | 2405
capture.kernel_drops                                         | Total                     | 1057
capture.afpacket.polls                                       | Total                     | 36858
capture.afpacket.poll_timeout                                | Total                     | 36776
capture.afpacket.poll_data                                   | Total                     | 82
decoder.pkts                                                 | Total                     | 1348
decoder.bytes                                                | Total                     | 104187
decoder.ipv4                                                 | Total                     | 1338
decoder.ipv6                                                 | Total                     | 4
decoder.ethernet                                             | Total                     | 1348
decoder.arp                                                  | Total                     | 6
decoder.tcp                                                  | Total                     | 1326
tcp.syn                                                      | Total                     | 524
tcp.synack                                                   | Total                     | 41
tcp.rst                                                      | Total                     | 490
tcp.urg                                                      | Total                     | 5
decoder.udp                                                  | Total                     | 4
decoder.icmpv4                                               | Total                     | 6
decoder.icmpv6                                               | Total                     | 3
decoder.avg_pkt_size                                         | Total                     | 77
decoder.max_pkt_size                                         | Total                     | 2022
tcp.active_sessions                                          | Total                     | 520
flow.total                                                   | Total                     | 531
flow.active                                                  | Total                     | 528
flow.tcp                                                     | Total                     | 525
flow.udp                                                     | Total                     | 4
flow.icmpv4                                                  | Total                     | 1
flow.icmpv6                                                  | Total                     | 1
flow.wrk.spare_sync_avg                                      | Total                     | 100
flow.wrk.spare_sync                                          | Total                     | 8
decoder.event.ipv4.opt_pad_required                          | Total                     | 3
decoder.event.icmpv4.unknown_code                            | Total                     | 2
decoder.event.ipv6.zero_len_padn                             | Total                     | 3
tcp.sessions                                                 | Total                     | 520
tcp.ssn_from_pool                                            | Total                     | 520
tcp.ack_unseen_data                                          | Total                     | 2
tcp.segment_from_pool                                        | Total                     | 63
detect.alert                                                 | Total                     | 129
detect.alerts_suppressed                                     | Total                     | 1459
app_layer.flow.http                                          | Total                     | 32
app_layer.tx.http                                            | Total                     | 32
app_layer.flow.failed_udp                                    | Total                     | 4
flow.end.state.new                                           | Total                     | 3
flow.mgr.full_hash_pass                                      | Total                     | 92
flow.mgr.rows_per_sec                                        | Total                     | 6553
flow.spare                                                   | Total                     | 9203
flow.mgr.rows_maxlen                                         | Total                     | 1
flow.mgr.flows_checked                                       | Total                     | 447
flow.mgr.flows_notimeout                                     | Total                     | 444
flow.mgr.flows_timeout                                       | Total                     | 3
flow.mgr.flows_evicted                                       | Total                     | 3
memcap.pressure                                              | Total                     | 5
memcap.pressure_max                                          | Total                     | 5
defrag.memuse                                                | Total                     | 33554432
flow.recycler.recycled                                       | Total                     | 3
flow.recycler.queue_max                                      | Total                     | 1
tcp.memuse                                                   | Total                     | 2490368
tcp.reassembly_memuse                                        | Total                     | 587776
http.memuse                                                  | Total                     | 10752
http.byterange.memuse                                        | Total                     | 168384
http.byterange.memcap                                        | Total                     | 104857600
ippair.memuse                                                | Total                     | 398144
ippair.memcap                                                | Total                     | 16777216
host.memuse                                                  | Total                     | 382144
host.memcap                                                  | Total                     | 33554432
flow.memuse                                                  | Total                     | 7234304
---------------------------------------------------------------------------------------------------
Date: 8/31/2026 -- 23:52:27 (uptime: 0d, 00h 16m 25s)
---------------------------------------------------------------------------------------------------
Counter                                                      | TM Name                   | Value
---------------------------------------------------------------------------------------------------
capture.kernel_packets                                       | Total                     | 2405
capture.kernel_drops                                         | Total                     | 1057
capture.afpacket.polls                                       | Total                     | 37215
capture.afpacket.poll_timeout                                | Total                     | 37133
capture.afpacket.poll_data                                   | Total                     | 82
decoder.pkts                                                 | Total                     | 1348
decoder.bytes                                                | Total                     | 104187
decoder.ipv4                                                 | Total                     | 1338
decoder.ipv6                                                 | Total                     | 4
decoder.ethernet                                             | Total                     | 1348
decoder.arp                                                  | Total                     | 6
decoder.tcp                                                  | Total                     | 1326
tcp.syn                                                      | Total                     | 524
tcp.synack                                                   | Total                     | 41
tcp.rst                                                      | Total                     | 490
tcp.urg                                                      | Total                     | 5
decoder.udp                                                  | Total                     | 4
decoder.icmpv4                                               | Total                     | 6
decoder.icmpv6                                               | Total                     | 3
decoder.avg_pkt_size                                         | Total                     | 77
decoder.max_pkt_size                                         | Total                     | 2022
tcp.active_sessions                                          | Total                     | 520
flow.total                                                   | Total                     | 531
flow.active                                                  | Total                     | 528
flow.tcp                                                     | Total                     | 525
flow.udp                                                     | Total                     | 4
flow.icmpv4                                                  | Total                     | 1
flow.icmpv6                                                  | Total                     | 1
flow.wrk.spare_sync_avg                                      | Total                     | 100
flow.wrk.spare_sync                                          | Total                     | 8
decoder.event.ipv4.opt_pad_required                          | Total                     | 3
decoder.event.icmpv4.unknown_code                            | Total                     | 2
decoder.event.ipv6.zero_len_padn                             | Total                     | 3
tcp.sessions                                                 | Total                     | 520
tcp.ssn_from_pool                                            | Total                     | 520
tcp.ack_unseen_data                                          | Total                     | 2
tcp.segment_from_pool                                        | Total                     | 63
detect.alert                                                 | Total                     | 129
detect.alerts_suppressed                                     | Total                     | 1459
app_layer.flow.http                                          | Total                     | 32
app_layer.tx.http                                            | Total                     | 32
app_layer.flow.failed_udp                                    | Total                     | 4
flow.end.state.new                                           | Total                     | 3
flow.mgr.full_hash_pass                                      | Total                     | 93
flow.mgr.rows_per_sec                                        | Total                     | 6553
flow.spare                                                   | Total                     | 9203
flow.mgr.rows_maxlen                                         | Total                     | 1
flow.mgr.flows_checked                                       | Total                     | 535
flow.mgr.flows_notimeout                                     | Total                     | 532
flow.mgr.flows_timeout                                       | Total                     | 3
flow.mgr.flows_evicted                                       | Total                     | 3
memcap.pressure                                              | Total                     | 5
memcap.pressure_max                                          | Total                     | 5
defrag.memuse                                                | Total                     | 33554432
flow.recycler.recycled                                       | Total                     | 3
flow.recycler.queue_max                                      | Total                     | 1
tcp.memuse                                                   | Total                     | 2490368
tcp.reassembly_memuse                                        | Total                     | 587776
http.memuse                                                  | Total                     | 10752
http.byterange.memuse                                        | Total                     | 168384
http.byterange.memcap                                        | Total                     | 104857600
ippair.memuse                                                | Total                     | 398144
ippair.memcap                                                | Total                     | 16777216
host.memuse                                                  | Total                     | 382144
host.memcap                                                  | Total                     | 33554432
flow.memuse                                                  | Total                     | 7234304
---------------------------------------------------------------------------------------------------
Date: 8/31/2026 -- 23:52:35 (uptime: 0d, 00h 16m 33s)
---------------------------------------------------------------------------------------------------
Counter                                                      | TM Name                   | Value
---------------------------------------------------------------------------------------------------
capture.kernel_packets                                       | Total                     | 2405
capture.kernel_drops                                         | Total                     | 1057
capture.afpacket.polls                                       | Total                     | 37455
capture.afpacket.poll_timeout                                | Total                     | 37373
capture.afpacket.poll_data                                   | Total                     | 82
decoder.pkts                                                 | Total                     | 1348
decoder.bytes                                                | Total                     | 104187
decoder.ipv4                                                 | Total                     | 1338
decoder.ipv6                                                 | Total                     | 4
decoder.ethernet                                             | Total                     | 1348
decoder.arp                                                  | Total                     | 6
decoder.tcp                                                  | Total                     | 1326
tcp.syn                                                      | Total                     | 524
tcp.synack                                                   | Total                     | 41
tcp.rst                                                      | Total                     | 490
tcp.urg                                                      | Total                     | 5
decoder.udp                                                  | Total                     | 4
decoder.icmpv4                                               | Total                     | 6
decoder.icmpv6                                               | Total                     | 3
decoder.avg_pkt_size                                         | Total                     | 77
decoder.max_pkt_size                                         | Total                     | 2022
tcp.active_sessions                                          | Total                     | 520
flow.total                                                   | Total                     | 531
flow.active                                                  | Total                     | 528
flow.tcp                                                     | Total                     | 525
flow.udp                                                     | Total                     | 4
flow.icmpv4                                                  | Total                     | 1
flow.icmpv6                                                  | Total                     | 1
flow.wrk.spare_sync_avg                                      | Total                     | 100
flow.wrk.spare_sync                                          | Total                     | 8
decoder.event.ipv4.opt_pad_required                          | Total                     | 3
decoder.event.icmpv4.unknown_code                            | Total                     | 2
decoder.event.ipv6.zero_len_padn                             | Total                     | 3
tcp.sessions                                                 | Total                     | 520
tcp.ssn_from_pool                                            | Total                     | 520
tcp.ack_unseen_data                                          | Total                     | 2
tcp.segment_from_pool                                        | Total                     | 63
detect.alert                                                 | Total                     | 129
detect.alerts_suppressed                                     | Total                     | 1459
app_layer.flow.http                                          | Total                     | 32
app_layer.tx.http                                            | Total                     | 32
app_layer.flow.failed_udp                                    | Total                     | 4
flow.end.state.new                                           | Total                     | 3
flow.mgr.full_hash_pass                                      | Total                     | 94
flow.mgr.rows_per_sec                                        | Total                     | 6553
flow.spare                                                   | Total                     | 9203
flow.mgr.rows_maxlen                                         | Total                     | 1
flow.mgr.flows_checked                                       | Total                     | 535
flow.mgr.flows_notimeout                                     | Total                     | 532
flow.mgr.flows_timeout                                       | Total                     | 3
flow.mgr.flows_evicted                                       | Total                     | 3
memcap.pressure                                              | Total                     | 5
memcap.pressure_max                                          | Total                     | 5
defrag.memuse                                                | Total                     | 33554432
flow.recycler.recycled                                       | Total                     | 3
flow.recycler.queue_max                                      | Total                     | 1
tcp.memuse                                                   | Total                     | 2490368
tcp.reassembly_memuse                                        | Total                     | 587776
http.memuse                                                  | Total                     | 10752
http.byterange.memuse                                        | Total                     | 168384
http.byterange.memcap                                        | Total                     | 104857600
ippair.memuse                                                | Total                     | 398144
ippair.memcap                                                | Total                     | 16777216
host.memuse                                                  | Total                     | 382144
host.memcap                                                  | Total                     | 33554432
flow.memuse                                                  | Total                     | 7234304
---------------------------------------------------------------------------------------------------
Date: 8/31/2026 -- 23:52:43 (uptime: 0d, 00h 16m 41s)
---------------------------------------------------------------------------------------------------
Counter                                                      | TM Name                   | Value
---------------------------------------------------------------------------------------------------
capture.kernel_packets                                       | Total                     | 2405
capture.kernel_drops                                         | Total                     | 1057
capture.afpacket.polls                                       | Total                     | 37813
capture.afpacket.poll_timeout                                | Total                     | 37731
capture.afpacket.poll_data                                   | Total                     | 82
decoder.pkts                                                 | Total                     | 1348
decoder.bytes                                                | Total                     | 104187
decoder.ipv4                                                 | Total                     | 1338
decoder.ipv6                                                 | Total                     | 4
decoder.ethernet                                             | Total                     | 1348
decoder.arp                                                  | Total                     | 6
decoder.tcp                                                  | Total                     | 1326
tcp.syn                                                      | Total                     | 524
tcp.synack                                                   | Total                     | 41
tcp.rst                                                      | Total                     | 490
tcp.urg                                                      | Total                     | 5
decoder.udp                                                  | Total                     | 4
decoder.icmpv4                                               | Total                     | 6
decoder.icmpv6                                               | Total                     | 3
decoder.avg_pkt_size                                         | Total                     | 77
decoder.max_pkt_size                                         | Total                     | 2022
tcp.active_sessions                                          | Total                     | 520
flow.total                                                   | Total                     | 531
flow.active                                                  | Total                     | 528
flow.tcp                                                     | Total                     | 525
flow.udp                                                     | Total                     | 4
flow.icmpv4                                                  | Total                     | 1
flow.icmpv6                                                  | Total                     | 1
flow.wrk.spare_sync_avg                                      | Total                     | 100
flow.wrk.spare_sync                                          | Total                     | 8
decoder.event.ipv4.opt_pad_required                          | Total                     | 3
decoder.event.icmpv4.unknown_code                            | Total                     | 2
decoder.event.ipv6.zero_len_padn                             | Total                     | 3
tcp.sessions                                                 | Total                     | 520
tcp.ssn_from_pool                                            | Total                     | 520
tcp.ack_unseen_data                                          | Total                     | 2
tcp.segment_from_pool                                        | Total                     | 63
detect.alert                                                 | Total                     | 129
detect.alerts_suppressed                                     | Total                     | 1459
app_layer.flow.http                                          | Total                     | 32
app_layer.tx.http                                            | Total                     | 32
app_layer.flow.failed_udp                                    | Total                     | 4
flow.end.state.new                                           | Total                     | 3
flow.mgr.full_hash_pass                                      | Total                     | 95
flow.mgr.rows_per_sec                                        | Total                     | 6553
flow.spare                                                   | Total                     | 9203
flow.mgr.rows_maxlen                                         | Total                     | 1
flow.mgr.flows_checked                                       | Total                     | 535
flow.mgr.flows_notimeout                                     | Total                     | 532
flow.mgr.flows_timeout                                       | Total                     | 3
flow.mgr.flows_evicted                                       | Total                     | 3
memcap.pressure                                              | Total                     | 5
memcap.pressure_max                                          | Total                     | 5
defrag.memuse                                                | Total                     | 33554432
flow.recycler.recycled                                       | Total                     | 3
flow.recycler.queue_max                                      | Total                     | 1
tcp.memuse                                                   | Total                     | 2490368
tcp.reassembly_memuse                                        | Total                     | 587776
http.memuse                                                  | Total                     | 10752
http.byterange.memuse                                        | Total                     | 168384
http.byterange.memcap                                        | Total                     | 104857600
ippair.memuse                                                | Total                     | 398144
ippair.memcap                                                | Total                     | 16777216
host.memuse                                                  | Total                     | 382144
host.memcap                                                  | Total                     | 33554432
flow.memuse                                                  | Total                     | 7234304
---------------------------------------------------------------------------------------------------
Date: 8/31/2026 -- 23:52:51 (uptime: 0d, 00h 16m 49s)
---------------------------------------------------------------------------------------------------
Counter                                                      | TM Name                   | Value
---------------------------------------------------------------------------------------------------
capture.kernel_packets                                       | Total                     | 2405
capture.kernel_drops                                         | Total                     | 1057
capture.afpacket.polls                                       | Total                     | 38171
capture.afpacket.poll_timeout                                | Total                     | 38089
capture.afpacket.poll_data                                   | Total                     | 82
decoder.pkts                                                 | Total                     | 1348
decoder.bytes                                                | Total                     | 104187
decoder.ipv4                                                 | Total                     | 1338
decoder.ipv6                                                 | Total                     | 4
decoder.ethernet                                             | Total                     | 1348
decoder.arp                                                  | Total                     | 6
decoder.tcp                                                  | Total                     | 1326
tcp.syn                                                      | Total                     | 524
tcp.synack                                                   | Total                     | 41
tcp.rst                                                      | Total                     | 490
tcp.urg                                                      | Total                     | 5
decoder.udp                                                  | Total                     | 4
decoder.icmpv4                                               | Total                     | 6
decoder.icmpv6                                               | Total                     | 3
decoder.avg_pkt_size                                         | Total                     | 77
decoder.max_pkt_size                                         | Total                     | 2022
tcp.active_sessions                                          | Total                     | 520
flow.total                                                   | Total                     | 531
flow.active                                                  | Total                     | 527
flow.tcp                                                     | Total                     | 525
flow.udp                                                     | Total                     | 4
flow.icmpv4                                                  | Total                     | 1
flow.icmpv6                                                  | Total                     | 1
flow.wrk.spare_sync_avg                                      | Total                     | 100
flow.wrk.spare_sync                                          | Total                     | 8
decoder.event.ipv4.opt_pad_required                          | Total                     | 3
decoder.event.icmpv4.unknown_code                            | Total                     | 2
decoder.event.ipv6.zero_len_padn                             | Total                     | 3
tcp.sessions                                                 | Total                     | 520
tcp.ssn_from_pool                                            | Total                     | 520
tcp.ack_unseen_data                                          | Total                     | 2
tcp.segment_from_pool                                        | Total                     | 63
detect.alert                                                 | Total                     | 129
detect.alerts_suppressed                                     | Total                     | 1459
app_layer.flow.http                                          | Total                     | 32
app_layer.tx.http                                            | Total                     | 32
app_layer.flow.failed_udp                                    | Total                     | 4
flow.end.state.new                                           | Total                     | 4
flow.mgr.full_hash_pass                                      | Total                     | 95
flow.mgr.rows_per_sec                                        | Total                     | 6553
flow.spare                                                   | Total                     | 9204
flow.mgr.rows_maxlen                                         | Total                     | 1
flow.mgr.flows_checked                                       | Total                     | 536
flow.mgr.flows_notimeout                                     | Total                     | 532
flow.mgr.flows_timeout                                       | Total                     | 4
flow.mgr.flows_evicted                                       | Total                     | 4
memcap.pressure                                              | Total                     | 5
memcap.pressure_max                                          | Total                     | 5
defrag.memuse                                                | Total                     | 33554432
flow.recycler.recycled                                       | Total                     | 4
flow.recycler.queue_max                                      | Total                     | 1
tcp.memuse                                                   | Total                     | 2490368
tcp.reassembly_memuse                                        | Total                     | 587776
http.memuse                                                  | Total                     | 10752
http.byterange.memuse                                        | Total                     | 168384
http.byterange.memcap                                        | Total                     | 104857600
ippair.memuse                                                | Total                     | 398144
ippair.memcap                                                | Total                     | 16777216
host.memuse                                                  | Total                     | 382144
host.memcap                                                  | Total                     | 33554432
flow.memuse                                                  | Total                     | 7234304
---------------------------------------------------------------------------------------------------
Date: 8/31/2026 -- 23:52:59 (uptime: 0d, 00h 16m 57s)
---------------------------------------------------------------------------------------------------
Counter                                                      | TM Name                   | Value
---------------------------------------------------------------------------------------------------
capture.kernel_packets                                       | Total                     | 2405
capture.kernel_drops                                         | Total                     | 1057
capture.afpacket.polls                                       | Total                     | 38409
capture.afpacket.poll_timeout                                | Total                     | 38327
capture.afpacket.poll_data                                   | Total                     | 82
decoder.pkts                                                 | Total                     | 1348
decoder.bytes                                                | Total                     | 104187
decoder.ipv4                                                 | Total                     | 1338
decoder.ipv6                                                 | Total                     | 4
decoder.ethernet                                             | Total                     | 1348
decoder.arp                                                  | Total                     | 6
decoder.tcp                                                  | Total                     | 1326
tcp.syn                                                      | Total                     | 524
tcp.synack                                                   | Total                     | 41
tcp.rst                                                      | Total                     | 490
tcp.urg                                                      | Total                     | 5
decoder.udp                                                  | Total                     | 4
decoder.icmpv4                                               | Total                     | 6
decoder.icmpv6                                               | Total                     | 3
decoder.avg_pkt_size                                         | Total                     | 77
decoder.max_pkt_size                                         | Total                     | 2022
tcp.active_sessions                                          | Total                     | 520
flow.total                                                   | Total                     | 531
flow.active                                                  | Total                     | 526
flow.tcp                                                     | Total                     | 525
flow.udp                                                     | Total                     | 4
flow.icmpv4                                                  | Total                     | 1
flow.icmpv6                                                  | Total                     | 1
flow.wrk.spare_sync_avg                                      | Total                     | 100
flow.wrk.spare_sync                                          | Total                     | 8
decoder.event.ipv4.opt_pad_required                          | Total                     | 3
decoder.event.icmpv4.unknown_code                            | Total                     | 2
decoder.event.ipv6.zero_len_padn                             | Total                     | 3
tcp.sessions                                                 | Total                     | 520
tcp.ssn_from_pool                                            | Total                     | 520
tcp.ack_unseen_data                                          | Total                     | 2
tcp.segment_from_pool                                        | Total                     | 63
detect.alert                                                 | Total                     | 129
detect.alerts_suppressed                                     | Total                     | 1459
app_layer.flow.http                                          | Total                     | 32
app_layer.tx.http                                            | Total                     | 32
app_layer.flow.failed_udp                                    | Total                     | 4
flow.end.state.new                                           | Total                     | 5
flow.mgr.full_hash_pass                                      | Total                     | 96
flow.mgr.rows_per_sec                                        | Total                     | 6553
flow.spare                                                   | Total                     | 9205
flow.mgr.rows_maxlen                                         | Total                     | 1
flow.mgr.flows_checked                                       | Total                     | 537
flow.mgr.flows_notimeout                                     | Total                     | 532
flow.mgr.flows_timeout                                       | Total                     | 5
flow.mgr.flows_evicted                                       | Total                     | 5
memcap.pressure                                              | Total                     | 5
memcap.pressure_max                                          | Total                     | 5
defrag.memuse                                                | Total                     | 33554432
flow.recycler.recycled                                       | Total                     | 5
flow.recycler.queue_max                                      | Total                     | 1
tcp.memuse                                                   | Total                     | 2490368
tcp.reassembly_memuse                                        | Total                     | 587776
http.memuse                                                  | Total                     | 10752
http.byterange.memuse                                        | Total                     | 168384
http.byterange.memcap                                        | Total                     | 104857600
ippair.memuse                                                | Total                     | 398144
ippair.memcap                                                | Total                     | 16777216
host.memuse                                                  | Total                     | 382144
host.memcap                                                  | Total                     | 33554432
flow.memuse                                                  | Total                     | 7234304
---------------------------------------------------------------------------------------------------
Date: 8/31/2026 -- 23:53:07 (uptime: 0d, 00h 17m 05s)
---------------------------------------------------------------------------------------------------
Counter                                                      | TM Name                   | Value
---------------------------------------------------------------------------------------------------
capture.kernel_packets                                       | Total                     | 2405
capture.kernel_drops                                         | Total                     | 1057
capture.afpacket.polls                                       | Total                     | 38768
capture.afpacket.poll_timeout                                | Total                     | 38686
capture.afpacket.poll_data                                   | Total                     | 82
decoder.pkts                                                 | Total                     | 1348
decoder.bytes                                                | Total                     | 104187
decoder.ipv4                                                 | Total                     | 1338
decoder.ipv6                                                 | Total                     | 4
decoder.ethernet                                             | Total                     | 1348
decoder.arp                                                  | Total                     | 6
decoder.tcp                                                  | Total                     | 1326
tcp.syn                                                      | Total                     | 524
tcp.synack                                                   | Total                     | 41
tcp.rst                                                      | Total                     | 490
tcp.urg                                                      | Total                     | 5
decoder.udp                                                  | Total                     | 4
decoder.icmpv4                                               | Total                     | 6
decoder.icmpv6                                               | Total                     | 3
decoder.avg_pkt_size                                         | Total                     | 77
decoder.max_pkt_size                                         | Total                     | 2022
tcp.active_sessions                                          | Total                     | 520
flow.total                                                   | Total                     | 531
flow.active                                                  | Total                     | 526
flow.tcp                                                     | Total                     | 525
flow.udp                                                     | Total                     | 4
flow.icmpv4                                                  | Total                     | 1
flow.icmpv6                                                  | Total                     | 1
flow.wrk.spare_sync_avg                                      | Total                     | 100
flow.wrk.spare_sync                                          | Total                     | 8
decoder.event.ipv4.opt_pad_required                          | Total                     | 3
decoder.event.icmpv4.unknown_code                            | Total                     | 2
decoder.event.ipv6.zero_len_padn                             | Total                     | 3
tcp.sessions                                                 | Total                     | 520
tcp.ssn_from_pool                                            | Total                     | 520
tcp.ack_unseen_data                                          | Total                     | 2
tcp.segment_from_pool                                        | Total                     | 63
detect.alert                                                 | Total                     | 129
detect.alerts_suppressed                                     | Total                     | 1459
app_layer.flow.http                                          | Total                     | 32
app_layer.tx.http                                            | Total                     | 32
app_layer.flow.failed_udp                                    | Total                     | 4
flow.end.state.new                                           | Total                     | 5
flow.mgr.full_hash_pass                                      | Total                     | 97
flow.mgr.rows_per_sec                                        | Total                     | 6553
flow.spare                                                   | Total                     | 9205
flow.mgr.rows_maxlen                                         | Total                     | 1
flow.mgr.flows_checked                                       | Total                     | 537
flow.mgr.flows_notimeout                                     | Total                     | 532
flow.mgr.flows_timeout                                       | Total                     | 5
flow.mgr.flows_evicted                                       | Total                     | 5
memcap.pressure                                              | Total                     | 5
memcap.pressure_max                                          | Total                     | 5
defrag.memuse                                                | Total                     | 33554432
flow.recycler.recycled                                       | Total                     | 5
flow.recycler.queue_max                                      | Total                     | 1
tcp.memuse                                                   | Total                     | 2490368
tcp.reassembly_memuse                                        | Total                     | 587776
http.memuse                                                  | Total                     | 10752
http.byterange.memuse                                        | Total                     | 168384
http.byterange.memcap                                        | Total                     | 104857600
ippair.memuse                                                | Total                     | 398144
ippair.memcap                                                | Total                     | 16777216
host.memuse                                                  | Total                     | 382144
host.memcap                                                  | Total                     | 33554432
flow.memuse                                                  | Total                     | 7234304
---------------------------------------------------------------------------------------------------
Date: 8/31/2026 -- 23:53:15 (uptime: 0d, 00h 17m 13s)
---------------------------------------------------------------------------------------------------
Counter                                                      | TM Name                   | Value
---------------------------------------------------------------------------------------------------
capture.kernel_packets                                       | Total                     | 2405
capture.kernel_drops                                         | Total                     | 1057
capture.afpacket.polls                                       | Total                     | 39123
capture.afpacket.poll_timeout                                | Total                     | 39041
capture.afpacket.poll_data                                   | Total                     | 82
decoder.pkts                                                 | Total                     | 1348
decoder.bytes                                                | Total                     | 104187
decoder.ipv4                                                 | Total                     | 1338
decoder.ipv6                                                 | Total                     | 4
decoder.ethernet                                             | Total                     | 1348
decoder.arp                                                  | Total                     | 6
decoder.tcp                                                  | Total                     | 1326
tcp.syn                                                      | Total                     | 524
tcp.synack                                                   | Total                     | 41
tcp.rst                                                      | Total                     | 490
tcp.urg                                                      | Total                     | 5
decoder.udp                                                  | Total                     | 4
decoder.icmpv4                                               | Total                     | 6
decoder.icmpv6                                               | Total                     | 3
decoder.avg_pkt_size                                         | Total                     | 77
decoder.max_pkt_size                                         | Total                     | 2022
tcp.active_sessions                                          | Total                     | 211
flow.total                                                   | Total                     | 531
flow.active                                                  | Total                     | 217
flow.tcp                                                     | Total                     | 525
flow.udp                                                     | Total                     | 4
flow.icmpv4                                                  | Total                     | 1
flow.icmpv6                                                  | Total                     | 1
flow.wrk.spare_sync_avg                                      | Total                     | 100
flow.wrk.spare_sync                                          | Total                     | 8
decoder.event.ipv4.opt_pad_required                          | Total                     | 3
decoder.event.icmpv4.unknown_code                            | Total                     | 2
decoder.event.ipv6.zero_len_padn                             | Total                     | 3
flow.wrk.flows_evicted_needs_work                            | Total                     | 309
flow.wrk.flows_evicted_pkt_inject                            | Total                     | 310
flow.wrk.flows_injected                                      | Total                     | 309
tcp.sessions                                                 | Total                     | 520
tcp.ssn_from_pool                                            | Total                     | 520
tcp.ack_unseen_data                                          | Total                     | 2
tcp.segment_from_pool                                        | Total                     | 63
detect.alert                                                 | Total                     | 129
detect.alerts_suppressed                                     | Total                     | 1459
app_layer.flow.http                                          | Total                     | 32
app_layer.tx.http                                            | Total                     | 32
app_layer.flow.failed_udp                                    | Total                     | 4
flow.end.state.new                                           | Total                     | 5
flow.end.state.closed                                        | Total                     | 309
flow.end.tcp_state.closed                                    | Total                     | 309
flow.mgr.full_hash_pass                                      | Total                     | 98
flow.mgr.rows_per_sec                                        | Total                     | 6553
flow.spare                                                   | Total                     | 9205
flow.mgr.rows_maxlen                                         | Total                     | 1
flow.mgr.flows_checked                                       | Total                     | 890
flow.mgr.flows_notimeout                                     | Total                     | 576
flow.mgr.flows_timeout                                       | Total                     | 314
flow.mgr.flows_evicted                                       | Total                     | 314
flow.mgr.flows_evicted_needs_work                            | Total                     | 309
memcap.pressure                                              | Total                     | 5
memcap.pressure_max                                          | Total                     | 5
defrag.memuse                                                | Total                     | 33554432
flow.recycler.recycled                                       | Total                     | 5
flow.recycler.queue_max                                      | Total                     | 1
tcp.memuse                                                   | Total                     | 2490368
tcp.reassembly_memuse                                        | Total                     | 587776
http.memuse                                                  | Total                     | 10752
http.byterange.memuse                                        | Total                     | 168384
http.byterange.memcap                                        | Total                     | 104857600
ippair.memuse                                                | Total                     | 398144
ippair.memcap                                                | Total                     | 16777216
host.memuse                                                  | Total                     | 382144
host.memcap                                                  | Total                     | 33554432
flow.memuse                                                  | Total                     | 7234304
---------------------------------------------------------------------------------------------------
Date: 8/31/2026 -- 23:53:23 (uptime: 0d, 00h 17m 21s)
---------------------------------------------------------------------------------------------------
Counter                                                      | TM Name                   | Value
---------------------------------------------------------------------------------------------------
capture.kernel_packets                                       | Total                     | 2405
capture.kernel_drops                                         | Total                     | 1057
capture.afpacket.polls                                       | Total                     | 39363
capture.afpacket.poll_timeout                                | Total                     | 39281
capture.afpacket.poll_data                                   | Total                     | 82
decoder.pkts                                                 | Total                     | 1348
decoder.bytes                                                | Total                     | 104187
decoder.ipv4                                                 | Total                     | 1338
decoder.ipv6                                                 | Total                     | 4
decoder.ethernet                                             | Total                     | 1348
decoder.arp                                                  | Total                     | 6
decoder.tcp                                                  | Total                     | 1326
tcp.syn                                                      | Total                     | 524
tcp.synack                                                   | Total                     | 41
tcp.rst                                                      | Total                     | 490
tcp.urg                                                      | Total                     | 5
decoder.udp                                                  | Total                     | 4
decoder.icmpv4                                               | Total                     | 6
decoder.icmpv6                                               | Total                     | 3
decoder.avg_pkt_size                                         | Total                     | 77
decoder.max_pkt_size                                         | Total                     | 2022
tcp.active_sessions                                          | Total                     | 30
flow.total                                                   | Total                     | 531
flow.active                                                  | Total                     | 35
flow.tcp                                                     | Total                     | 525
flow.udp                                                     | Total                     | 4
flow.icmpv4                                                  | Total                     | 1
flow.icmpv6                                                  | Total                     | 1
flow.wrk.spare_sync_avg                                      | Total                     | 100
flow.wrk.spare_sync                                          | Total                     | 8
decoder.event.ipv4.opt_pad_required                          | Total                     | 3
decoder.event.icmpv4.unknown_code                            | Total                     | 2
decoder.event.ipv6.zero_len_padn                             | Total                     | 3
flow.wrk.flows_evicted_needs_work                            | Total                     | 486
flow.wrk.flows_evicted_pkt_inject                            | Total                     | 492
flow.wrk.flows_injected                                      | Total                     | 486
tcp.sessions                                                 | Total                     | 520
tcp.ssn_from_pool                                            | Total                     | 520
tcp.ack_unseen_data                                          | Total                     | 2
tcp.segment_from_pool                                        | Total                     | 63
detect.alert                                                 | Total                     | 129
detect.alerts_suppressed                                     | Total                     | 1459
app_layer.flow.http                                          | Total                     | 32
app_layer.tx.http                                            | Total                     | 32
app_layer.flow.failed_udp                                    | Total                     | 4
flow.end.state.new                                           | Total                     | 6
flow.end.state.closed                                        | Total                     | 490
flow.end.tcp_state.closed                                    | Total                     | 490
flow.mgr.full_hash_pass                                      | Total                     | 98
flow.mgr.rows_per_sec                                        | Total                     | 6553
flow.spare                                                   | Total                     | 9207
flow.mgr.rows_maxlen                                         | Total                     | 1
flow.mgr.flows_checked                                       | Total                     | 1071
flow.mgr.flows_notimeout                                     | Total                     | 576
flow.mgr.flows_timeout                                       | Total                     | 495
flow.mgr.flows_evicted                                       | Total                     | 495
flow.mgr.flows_evicted_needs_work                            | Total                     | 485
memcap.pressure                                              | Total                     | 5
memcap.pressure_max                                          | Total                     | 5
defrag.memuse                                                | Total                     | 33554432
flow.recycler.recycled                                       | Total                     | 10
flow.recycler.queue_max                                      | Total                     | 3
tcp.memuse                                                   | Total                     | 2490368
tcp.reassembly_memuse                                        | Total                     | 532480
http.memuse                                                  | Total                     | 6048
http.byterange.memuse                                        | Total                     | 168384
http.byterange.memcap                                        | Total                     | 104857600
ippair.memuse                                                | Total                     | 398144
ippair.memcap                                                | Total                     | 16777216
host.memuse                                                  | Total                     | 382144
host.memcap                                                  | Total                     | 33554432
flow.memuse                                                  | Total                     | 7234304
---------------------------------------------------------------------------------------------------
Date: 8/31/2026 -- 23:53:31 (uptime: 0d, 00h 17m 29s)
---------------------------------------------------------------------------------------------------
Counter                                                      | TM Name                   | Value
---------------------------------------------------------------------------------------------------
capture.kernel_packets                                       | Total                     | 2405
capture.kernel_drops                                         | Total                     | 1057
capture.afpacket.polls                                       | Total                     | 39719
capture.afpacket.poll_timeout                                | Total                     | 39637
capture.afpacket.poll_data                                   | Total                     | 82
decoder.pkts                                                 | Total                     | 1348
decoder.bytes                                                | Total                     | 104187
decoder.ipv4                                                 | Total                     | 1338
decoder.ipv6                                                 | Total                     | 4
decoder.ethernet                                             | Total                     | 1348
decoder.arp                                                  | Total                     | 6
decoder.tcp                                                  | Total                     | 1326
tcp.syn                                                      | Total                     | 524
tcp.synack                                                   | Total                     | 41
tcp.rst                                                      | Total                     | 490
tcp.urg                                                      | Total                     | 5
decoder.udp                                                  | Total                     | 4
decoder.icmpv4                                               | Total                     | 6
decoder.icmpv6                                               | Total                     | 3
decoder.avg_pkt_size                                         | Total                     | 77
decoder.max_pkt_size                                         | Total                     | 2022
tcp.active_sessions                                          | Total                     | 5
flow.total                                                   | Total                     | 531
flow.active                                                  | Total                     | 6
flow.tcp                                                     | Total                     | 525
flow.udp                                                     | Total                     | 4
flow.icmpv4                                                  | Total                     | 1
flow.icmpv6                                                  | Total                     | 1
flow.wrk.spare_sync_avg                                      | Total                     | 100
flow.wrk.spare_sync                                          | Total                     | 8
decoder.event.ipv4.opt_pad_required                          | Total                     | 3
decoder.event.icmpv4.unknown_code                            | Total                     | 2
decoder.event.ipv6.zero_len_padn                             | Total                     | 3
flow.wrk.flows_evicted_needs_work                            | Total                     | 488
flow.wrk.flows_evicted_pkt_inject                            | Total                     | 496
flow.wrk.flows_injected                                      | Total                     | 488
tcp.sessions                                                 | Total                     | 520
tcp.ssn_from_pool                                            | Total                     | 520
tcp.ack_unseen_data                                          | Total                     | 2
tcp.segment_from_pool                                        | Total                     | 63
detect.alert                                                 | Total                     | 129
detect.alerts_suppressed                                     | Total                     | 1459
app_layer.flow.http                                          | Total                     | 32
app_layer.tx.http                                            | Total                     | 32
app_layer.flow.failed_udp                                    | Total                     | 4
flow.end.state.new                                           | Total                     | 10
flow.end.state.closed                                        | Total                     | 515
flow.end.tcp_state.closed                                    | Total                     | 515
flow.mgr.full_hash_pass                                      | Total                     | 99
flow.mgr.rows_per_sec                                        | Total                     | 6553
flow.spare                                                   | Total                     | 9237
flow.mgr.rows_maxlen                                         | Total                     | 1
flow.mgr.flows_checked                                       | Total                     | 1101
flow.mgr.flows_notimeout                                     | Total                     | 576
flow.mgr.flows_timeout                                       | Total                     | 525
flow.mgr.flows_evicted                                       | Total                     | 525
flow.mgr.flows_evicted_needs_work                            | Total                     | 488
memcap.pressure                                              | Total                     | 5
memcap.pressure_max                                          | Total                     | 5
defrag.memuse                                                | Total                     | 33554432
flow.recycler.recycled                                       | Total                     | 37
flow.recycler.queue_max                                      | Total                     | 8
tcp.memuse                                                   | Total                     | 2490368
tcp.reassembly_memuse                                        | Total                     | 475136
http.memuse                                                  | Total                     | 1344
http.byterange.memuse                                        | Total                     | 168384
http.byterange.memcap                                        | Total                     | 104857600
ippair.memuse                                                | Total                     | 398144
ippair.memcap                                                | Total                     | 16777216
host.memuse                                                  | Total                     | 382144
host.memcap                                                  | Total                     | 33554432
flow.memuse                                                  | Total                     | 7234304
---------------------------------------------------------------------------------------------------
Date: 8/31/2026 -- 23:53:39 (uptime: 0d, 00h 17m 37s)
---------------------------------------------------------------------------------------------------
Counter                                                      | TM Name                   | Value
---------------------------------------------------------------------------------------------------
capture.kernel_packets                                       | Total                     | 2419
capture.kernel_drops                                         | Total                     | 1057
capture.afpacket.polls                                       | Total                     | 40075
capture.afpacket.poll_timeout                                | Total                     | 39990
capture.afpacket.poll_data                                   | Total                     | 85
decoder.pkts                                                 | Total                     | 1362
decoder.bytes                                                | Total                     | 107051
decoder.ipv4                                                 | Total                     | 1348
decoder.ipv6                                                 | Total                     | 4
decoder.ethernet                                             | Total                     | 1362
decoder.arp                                                  | Total                     | 10
decoder.tcp                                                  | Total                     | 1336
tcp.syn                                                      | Total                     | 525
tcp.synack                                                   | Total                     | 42
tcp.rst                                                      | Total                     | 490
tcp.urg                                                      | Total                     | 5
decoder.udp                                                  | Total                     | 4
decoder.icmpv4                                               | Total                     | 6
decoder.icmpv6                                               | Total                     | 3
decoder.avg_pkt_size                                         | Total                     | 78
decoder.max_pkt_size                                         | Total                     | 2022
tcp.active_sessions                                          | Total                     | 6
flow.total                                                   | Total                     | 532
flow.active                                                  | Total                     | 7
flow.tcp                                                     | Total                     | 526
flow.udp                                                     | Total                     | 4
flow.icmpv4                                                  | Total                     | 1
flow.icmpv6                                                  | Total                     | 1
flow.wrk.spare_sync_avg                                      | Total                     | 100
flow.wrk.spare_sync                                          | Total                     | 8
decoder.event.ipv4.opt_pad_required                          | Total                     | 3
decoder.event.icmpv4.unknown_code                            | Total                     | 2
decoder.event.ipv6.zero_len_padn                             | Total                     | 3
flow.wrk.flows_evicted_needs_work                            | Total                     | 488
flow.wrk.flows_evicted_pkt_inject                            | Total                     | 496
flow.wrk.flows_injected                                      | Total                     | 488
tcp.sessions                                                 | Total                     | 521
tcp.ssn_from_cache                                           | Total                     | 1
tcp.ssn_from_pool                                            | Total                     | 520
tcp.ack_unseen_data                                          | Total                     | 2
tcp.segment_from_pool                                        | Total                     | 65
detect.alert                                                 | Total                     | 130
detect.alerts_suppressed                                     | Total                     | 1462
app_layer.flow.http                                          | Total                     | 33
app_layer.tx.http                                            | Total                     | 33
app_layer.flow.failed_udp                                    | Total                     | 4
flow.end.state.new                                           | Total                     | 10
flow.end.state.closed                                        | Total                     | 515
flow.end.tcp_state.closed                                    | Total                     | 515
flow.mgr.full_hash_pass                                      | Total                     | 100
flow.mgr.rows_per_sec                                        | Total                     | 6553
flow.spare                                                   | Total                     | 9237
flow.mgr.rows_maxlen                                         | Total                     | 1
flow.mgr.flows_checked                                       | Total                     | 1102
flow.mgr.flows_notimeout                                     | Total                     | 577
flow.mgr.flows_timeout                                       | Total                     | 525
flow.mgr.flows_evicted                                       | Total                     | 525
flow.mgr.flows_evicted_needs_work                            | Total                     | 488
memcap.pressure                                              | Total                     | 5
memcap.pressure_max                                          | Total                     | 5
defrag.memuse                                                | Total                     | 33554432
flow.recycler.recycled                                       | Total                     | 37
flow.recycler.queue_max                                      | Total                     | 8
tcp.memuse                                                   | Total                     | 2490368
tcp.reassembly_memuse                                        | Total                     | 479232
http.memuse                                                  | Total                     | 1680
http.byterange.memuse                                        | Total                     | 168384
http.byterange.memcap                                        | Total                     | 104857600
ippair.memuse                                                | Total                     | 398144
ippair.memcap                                                | Total                     | 16777216
host.memuse                                                  | Total                     | 382144
host.memcap                                                  | Total                     | 33554432
flow.memuse                                                  | Total                     | 7234304
---------------------------------------------------------------------------------------------------
Date: 8/31/2026 -- 23:53:47 (uptime: 0d, 00h 17m 45s)
---------------------------------------------------------------------------------------------------
Counter                                                      | TM Name                   | Value
---------------------------------------------------------------------------------------------------
capture.kernel_packets                                       | Total                     | 2419
capture.kernel_drops                                         | Total                     | 1057
capture.afpacket.polls                                       | Total                     | 40312
capture.afpacket.poll_timeout                                | Total                     | 40227
capture.afpacket.poll_data                                   | Total                     | 85
decoder.pkts                                                 | Total                     | 1362
decoder.bytes                                                | Total                     | 107051
decoder.ipv4                                                 | Total                     | 1348
decoder.ipv6                                                 | Total                     | 4
decoder.ethernet                                             | Total                     | 1362
decoder.arp                                                  | Total                     | 10
decoder.tcp                                                  | Total                     | 1336
tcp.syn                                                      | Total                     | 525
tcp.synack                                                   | Total                     | 42
tcp.rst                                                      | Total                     | 490
tcp.urg                                                      | Total                     | 5
decoder.udp                                                  | Total                     | 4
decoder.icmpv4                                               | Total                     | 6
decoder.icmpv6                                               | Total                     | 3
decoder.avg_pkt_size                                         | Total                     | 78
decoder.max_pkt_size                                         | Total                     | 2022
tcp.active_sessions                                          | Total                     | 6
flow.total                                                   | Total                     | 532
flow.active                                                  | Total                     | 7
flow.tcp                                                     | Total                     | 526
flow.udp                                                     | Total                     | 4
flow.icmpv4                                                  | Total                     | 1
flow.icmpv6                                                  | Total                     | 1
flow.wrk.spare_sync_avg                                      | Total                     | 100
flow.wrk.spare_sync                                          | Total                     | 8
decoder.event.ipv4.opt_pad_required                          | Total                     | 3
decoder.event.icmpv4.unknown_code                            | Total                     | 2
decoder.event.ipv6.zero_len_padn                             | Total                     | 3
flow.wrk.flows_evicted_needs_work                            | Total                     | 488
flow.wrk.flows_evicted_pkt_inject                            | Total                     | 496
flow.wrk.flows_injected                                      | Total                     | 488
tcp.sessions                                                 | Total                     | 521
tcp.ssn_from_cache                                           | Total                     | 1
tcp.ssn_from_pool                                            | Total                     | 520
tcp.ack_unseen_data                                          | Total                     | 2
tcp.segment_from_pool                                        | Total                     | 65
detect.alert                                                 | Total                     | 130
detect.alerts_suppressed                                     | Total                     | 1462
app_layer.flow.http                                          | Total                     | 33
app_layer.tx.http                                            | Total                     | 33
app_layer.flow.failed_udp                                    | Total                     | 4
flow.end.state.new                                           | Total                     | 10
flow.end.state.closed                                        | Total                     | 515
flow.end.tcp_state.closed                                    | Total                     | 515
flow.mgr.full_hash_pass                                      | Total                     | 101
flow.mgr.rows_per_sec                                        | Total                     | 6553
flow.spare                                                   | Total                     | 9237
flow.mgr.rows_maxlen                                         | Total                     | 1
flow.mgr.flows_checked                                       | Total                     | 1102
flow.mgr.flows_notimeout                                     | Total                     | 577
flow.mgr.flows_timeout                                       | Total                     | 525
flow.mgr.flows_evicted                                       | Total                     | 525
flow.mgr.flows_evicted_needs_work                            | Total                     | 488
memcap.pressure                                              | Total                     | 5
memcap.pressure_max                                          | Total                     | 5
defrag.memuse                                                | Total                     | 33554432
flow.recycler.recycled                                       | Total                     | 37
flow.recycler.queue_max                                      | Total                     | 8
tcp.memuse                                                   | Total                     | 2490368
tcp.reassembly_memuse                                        | Total                     | 479232
http.memuse                                                  | Total                     | 1680
http.byterange.memuse                                        | Total                     | 168384
http.byterange.memcap                                        | Total                     | 104857600
ippair.memuse                                                | Total                     | 398144
ippair.memcap                                                | Total                     | 16777216
host.memuse                                                  | Total                     | 382144
host.memcap                                                  | Total                     | 33554432
flow.memuse                                                  | Total                     | 7234304
---------------------------------------------------------------------------------------------------
Date: 8/31/2026 -- 23:53:55 (uptime: 0d, 00h 17m 53s)
---------------------------------------------------------------------------------------------------
Counter                                                      | TM Name                   | Value
---------------------------------------------------------------------------------------------------
capture.kernel_packets                                       | Total                     | 2419
capture.kernel_drops                                         | Total                     | 1057
capture.afpacket.polls                                       | Total                     | 40667
capture.afpacket.poll_timeout                                | Total                     | 40582
capture.afpacket.poll_data                                   | Total                     | 85
decoder.pkts                                                 | Total                     | 1362
decoder.bytes                                                | Total                     | 107051
decoder.ipv4                                                 | Total                     | 1348
decoder.ipv6                                                 | Total                     | 4
decoder.ethernet                                             | Total                     | 1362
decoder.arp                                                  | Total                     | 10
decoder.tcp                                                  | Total                     | 1336
tcp.syn                                                      | Total                     | 525
tcp.synack                                                   | Total                     | 42
tcp.rst                                                      | Total                     | 490
tcp.urg                                                      | Total                     | 5
decoder.udp                                                  | Total                     | 4
decoder.icmpv4                                               | Total                     | 6
decoder.icmpv6                                               | Total                     | 3
decoder.avg_pkt_size                                         | Total                     | 78
decoder.max_pkt_size                                         | Total                     | 2022
tcp.active_sessions                                          | Total                     | 6
flow.total                                                   | Total                     | 532
flow.active                                                  | Total                     | 7
flow.tcp                                                     | Total                     | 526
flow.udp                                                     | Total                     | 4
flow.icmpv4                                                  | Total                     | 1
flow.icmpv6                                                  | Total                     | 1
flow.wrk.spare_sync_avg                                      | Total                     | 100
flow.wrk.spare_sync                                          | Total                     | 8
decoder.event.ipv4.opt_pad_required                          | Total                     | 3
decoder.event.icmpv4.unknown_code                            | Total                     | 2
decoder.event.ipv6.zero_len_padn                             | Total                     | 3
flow.wrk.flows_evicted_needs_work                            | Total                     | 488
flow.wrk.flows_evicted_pkt_inject                            | Total                     | 496
flow.wrk.flows_injected                                      | Total                     | 488
tcp.sessions                                                 | Total                     | 521
tcp.ssn_from_cache                                           | Total                     | 1
tcp.ssn_from_pool                                            | Total                     | 520
tcp.ack_unseen_data                                          | Total                     | 2
tcp.segment_from_pool                                        | Total                     | 65
detect.alert                                                 | Total                     | 130
detect.alerts_suppressed                                     | Total                     | 1462
app_layer.flow.http                                          | Total                     | 33
app_layer.tx.http                                            | Total                     | 33
app_layer.flow.failed_udp                                    | Total                     | 4
flow.end.state.new                                           | Total                     | 10
flow.end.state.closed                                        | Total                     | 515
flow.end.tcp_state.closed                                    | Total                     | 515
flow.mgr.full_hash_pass                                      | Total                     | 102
flow.mgr.rows_per_sec                                        | Total                     | 6553
flow.spare                                                   | Total                     | 9237
flow.mgr.rows_maxlen                                         | Total                     | 1
flow.mgr.flows_checked                                       | Total                     | 1102
flow.mgr.flows_notimeout                                     | Total                     | 577
flow.mgr.flows_timeout                                       | Total                     | 525
flow.mgr.flows_evicted                                       | Total                     | 525
flow.mgr.flows_evicted_needs_work                            | Total                     | 488
memcap.pressure                                              | Total                     | 5
memcap.pressure_max                                          | Total                     | 5
defrag.memuse                                                | Total                     | 33554432
flow.recycler.recycled                                       | Total                     | 37
flow.recycler.queue_max                                      | Total                     | 8
tcp.memuse                                                   | Total                     | 2490368
tcp.reassembly_memuse                                        | Total                     | 479232
http.memuse                                                  | Total                     | 1680
http.byterange.memuse                                        | Total                     | 168384
http.byterange.memcap                                        | Total                     | 104857600
ippair.memuse                                                | Total                     | 398144
ippair.memcap                                                | Total                     | 16777216
host.memuse                                                  | Total                     | 382144
host.memcap                                                  | Total                     | 33554432
flow.memuse                                                  | Total                     | 7234304
---------------------------------------------------------------------------------------------------
Date: 8/31/2026 -- 23:54:03 (uptime: 0d, 00h 18m 01s)
---------------------------------------------------------------------------------------------------
Counter                                                      | TM Name                   | Value
---------------------------------------------------------------------------------------------------
capture.kernel_packets                                       | Total                     | 2419
capture.kernel_drops                                         | Total                     | 1057
capture.afpacket.polls                                       | Total                     | 41027
capture.afpacket.poll_timeout                                | Total                     | 40942
capture.afpacket.poll_data                                   | Total                     | 85
decoder.pkts                                                 | Total                     | 1362
decoder.bytes                                                | Total                     | 107051
decoder.ipv4                                                 | Total                     | 1348
decoder.ipv6                                                 | Total                     | 4
decoder.ethernet                                             | Total                     | 1362
decoder.arp                                                  | Total                     | 10
decoder.tcp                                                  | Total                     | 1336
tcp.syn                                                      | Total                     | 525
tcp.synack                                                   | Total                     | 42
tcp.rst                                                      | Total                     | 490
tcp.urg                                                      | Total                     | 5
decoder.udp                                                  | Total                     | 4
decoder.icmpv4                                               | Total                     | 6
decoder.icmpv6                                               | Total                     | 3
decoder.avg_pkt_size                                         | Total                     | 78
decoder.max_pkt_size                                         | Total                     | 2022
tcp.active_sessions                                          | Total                     | 6
flow.total                                                   | Total                     | 532
flow.active                                                  | Total                     | 7
flow.tcp                                                     | Total                     | 526
flow.udp                                                     | Total                     | 4
flow.icmpv4                                                  | Total                     | 1
flow.icmpv6                                                  | Total                     | 1
flow.wrk.spare_sync_avg                                      | Total                     | 100
flow.wrk.spare_sync                                          | Total                     | 8
decoder.event.ipv4.opt_pad_required                          | Total                     | 3
decoder.event.icmpv4.unknown_code                            | Total                     | 2
decoder.event.ipv6.zero_len_padn                             | Total                     | 3
flow.wrk.flows_evicted_needs_work                            | Total                     | 488
flow.wrk.flows_evicted_pkt_inject                            | Total                     | 496
flow.wrk.flows_injected                                      | Total                     | 488
tcp.sessions                                                 | Total                     | 521
tcp.ssn_from_cache                                           | Total                     | 1
tcp.ssn_from_pool                                            | Total                     | 520
tcp.ack_unseen_data                                          | Total                     | 2
tcp.segment_from_pool                                        | Total                     | 65
detect.alert                                                 | Total                     | 130
detect.alerts_suppressed                                     | Total                     | 1462
app_layer.flow.http                                          | Total                     | 33
app_layer.tx.http                                            | Total                     | 33
app_layer.flow.failed_udp                                    | Total                     | 4
flow.end.state.new                                           | Total                     | 10
flow.end.state.closed                                        | Total                     | 515
flow.end.tcp_state.closed                                    | Total                     | 515
flow.mgr.full_hash_pass                                      | Total                     | 103
flow.mgr.rows_per_sec                                        | Total                     | 6553
flow.spare                                                   | Total                     | 9237
flow.mgr.rows_maxlen                                         | Total                     | 1
flow.mgr.flows_checked                                       | Total                     | 1102
flow.mgr.flows_notimeout                                     | Total                     | 577
flow.mgr.flows_timeout                                       | Total                     | 525
flow.mgr.flows_evicted                                       | Total                     | 525
flow.mgr.flows_evicted_needs_work                            | Total                     | 488
memcap.pressure                                              | Total                     | 5
memcap.pressure_max                                          | Total                     | 5
defrag.memuse                                                | Total                     | 33554432
flow.recycler.recycled                                       | Total                     | 37
flow.recycler.queue_max                                      | Total                     | 8
tcp.memuse                                                   | Total                     | 2490368
tcp.reassembly_memuse                                        | Total                     | 479232
http.memuse                                                  | Total                     | 1680
http.byterange.memuse                                        | Total                     | 168384
http.byterange.memcap                                        | Total                     | 104857600
ippair.memuse                                                | Total                     | 398144
ippair.memcap                                                | Total                     | 16777216
host.memuse                                                  | Total                     | 382144
host.memcap                                                  | Total                     | 33554432
flow.memuse                                                  | Total                     | 7234304
---------------------------------------------------------------------------------------------------
Date: 8/31/2026 -- 23:54:11 (uptime: 0d, 00h 18m 09s)
---------------------------------------------------------------------------------------------------
Counter                                                      | TM Name                   | Value
---------------------------------------------------------------------------------------------------
capture.kernel_packets                                       | Total                     | 2419
capture.kernel_drops                                         | Total                     | 1057
capture.afpacket.polls                                       | Total                     | 41263
capture.afpacket.poll_timeout                                | Total                     | 41178
capture.afpacket.poll_data                                   | Total                     | 85
decoder.pkts                                                 | Total                     | 1362
decoder.bytes                                                | Total                     | 107051
decoder.ipv4                                                 | Total                     | 1348
decoder.ipv6                                                 | Total                     | 4
decoder.ethernet                                             | Total                     | 1362
decoder.arp                                                  | Total                     | 10
decoder.tcp                                                  | Total                     | 1336
tcp.syn                                                      | Total                     | 525
tcp.synack                                                   | Total                     | 42
tcp.rst                                                      | Total                     | 490
tcp.urg                                                      | Total                     | 5
decoder.udp                                                  | Total                     | 4
decoder.icmpv4                                               | Total                     | 6
decoder.icmpv6                                               | Total                     | 3
decoder.avg_pkt_size                                         | Total                     | 78
decoder.max_pkt_size                                         | Total                     | 2022
tcp.active_sessions                                          | Total                     | 6
flow.total                                                   | Total                     | 532
flow.active                                                  | Total                     | 7
flow.tcp                                                     | Total                     | 526
flow.udp                                                     | Total                     | 4
flow.icmpv4                                                  | Total                     | 1
flow.icmpv6                                                  | Total                     | 1
flow.wrk.spare_sync_avg                                      | Total                     | 100
flow.wrk.spare_sync                                          | Total                     | 8
decoder.event.ipv4.opt_pad_required                          | Total                     | 3
decoder.event.icmpv4.unknown_code                            | Total                     | 2
decoder.event.ipv6.zero_len_padn                             | Total                     | 3
flow.wrk.flows_evicted_needs_work                            | Total                     | 488
flow.wrk.flows_evicted_pkt_inject                            | Total                     | 496
flow.wrk.flows_injected                                      | Total                     | 488
tcp.sessions                                                 | Total                     | 521
tcp.ssn_from_cache                                           | Total                     | 1
tcp.ssn_from_pool                                            | Total                     | 520
tcp.ack_unseen_data                                          | Total                     | 2
tcp.segment_from_pool                                        | Total                     | 65
detect.alert                                                 | Total                     | 130
detect.alerts_suppressed                                     | Total                     | 1462
app_layer.flow.http                                          | Total                     | 33
app_layer.tx.http                                            | Total                     | 33
app_layer.flow.failed_udp                                    | Total                     | 4
flow.end.state.new                                           | Total                     | 10
flow.end.state.closed                                        | Total                     | 515
flow.end.tcp_state.closed                                    | Total                     | 515
flow.mgr.full_hash_pass                                      | Total                     | 103
flow.mgr.rows_per_sec                                        | Total                     | 6553
flow.spare                                                   | Total                     | 9237
flow.mgr.rows_maxlen                                         | Total                     | 1
flow.mgr.flows_checked                                       | Total                     | 1102
flow.mgr.flows_notimeout                                     | Total                     | 577
flow.mgr.flows_timeout                                       | Total                     | 525
flow.mgr.flows_evicted                                       | Total                     | 525
flow.mgr.flows_evicted_needs_work                            | Total                     | 488
memcap.pressure                                              | Total                     | 5
memcap.pressure_max                                          | Total                     | 5
defrag.memuse                                                | Total                     | 33554432
flow.recycler.recycled                                       | Total                     | 37
flow.recycler.queue_max                                      | Total                     | 8
tcp.memuse                                                   | Total                     | 2490368
tcp.reassembly_memuse                                        | Total                     | 479232
http.memuse                                                  | Total                     | 1680
http.byterange.memuse                                        | Total                     | 168384
http.byterange.memcap                                        | Total                     | 104857600
ippair.memuse                                                | Total                     | 398144
ippair.memcap                                                | Total                     | 16777216
host.memuse                                                  | Total                     | 382144
host.memcap                                                  | Total                     | 33554432
flow.memuse                                                  | Total                     | 7234304
---------------------------------------------------------------------------------------------------
Date: 8/31/2026 -- 23:54:19 (uptime: 0d, 00h 18m 17s)
---------------------------------------------------------------------------------------------------
Counter                                                      | TM Name                   | Value
---------------------------------------------------------------------------------------------------
capture.kernel_packets                                       | Total                     | 2419
capture.kernel_drops                                         | Total                     | 1057
capture.afpacket.polls                                       | Total                     | 41623
capture.afpacket.poll_timeout                                | Total                     | 41538
capture.afpacket.poll_data                                   | Total                     | 85
decoder.pkts                                                 | Total                     | 1362
decoder.bytes                                                | Total                     | 107051
decoder.ipv4                                                 | Total                     | 1348
decoder.ipv6                                                 | Total                     | 4
decoder.ethernet                                             | Total                     | 1362
decoder.arp                                                  | Total                     | 10
decoder.tcp                                                  | Total                     | 1336
tcp.syn                                                      | Total                     | 525
tcp.synack                                                   | Total                     | 42
tcp.rst                                                      | Total                     | 490
tcp.urg                                                      | Total                     | 5
decoder.udp                                                  | Total                     | 4
decoder.icmpv4                                               | Total                     | 6
decoder.icmpv6                                               | Total                     | 3
decoder.avg_pkt_size                                         | Total                     | 78
decoder.max_pkt_size                                         | Total                     | 2022
tcp.active_sessions                                          | Total                     | 6
flow.total                                                   | Total                     | 532
flow.active                                                  | Total                     | 7
flow.tcp                                                     | Total                     | 526
flow.udp                                                     | Total                     | 4
flow.icmpv4                                                  | Total                     | 1
flow.icmpv6                                                  | Total                     | 1
flow.wrk.spare_sync_avg                                      | Total                     | 100
flow.wrk.spare_sync                                          | Total                     | 8
decoder.event.ipv4.opt_pad_required                          | Total                     | 3
decoder.event.icmpv4.unknown_code                            | Total                     | 2
decoder.event.ipv6.zero_len_padn                             | Total                     | 3
flow.wrk.flows_evicted_needs_work                            | Total                     | 488
flow.wrk.flows_evicted_pkt_inject                            | Total                     | 496
flow.wrk.flows_injected                                      | Total                     | 488
tcp.sessions                                                 | Total                     | 521
tcp.ssn_from_cache                                           | Total                     | 1
tcp.ssn_from_pool                                            | Total                     | 520
tcp.ack_unseen_data                                          | Total                     | 2
tcp.segment_from_pool                                        | Total                     | 65
detect.alert                                                 | Total                     | 130
detect.alerts_suppressed                                     | Total                     | 1462
app_layer.flow.http                                          | Total                     | 33
app_layer.tx.http                                            | Total                     | 33
app_layer.flow.failed_udp                                    | Total                     | 4
flow.end.state.new                                           | Total                     | 10
flow.end.state.closed                                        | Total                     | 515
flow.end.tcp_state.closed                                    | Total                     | 515
flow.mgr.full_hash_pass                                      | Total                     | 104
flow.mgr.rows_per_sec                                        | Total                     | 6553
flow.spare                                                   | Total                     | 9237
flow.mgr.rows_maxlen                                         | Total                     | 1
flow.mgr.flows_checked                                       | Total                     | 1102
flow.mgr.flows_notimeout                                     | Total                     | 577
flow.mgr.flows_timeout                                       | Total                     | 525
flow.mgr.flows_evicted                                       | Total                     | 525
flow.mgr.flows_evicted_needs_work                            | Total                     | 488
memcap.pressure                                              | Total                     | 5
memcap.pressure_max                                          | Total                     | 5
defrag.memuse                                                | Total                     | 33554432
flow.recycler.recycled                                       | Total                     | 37
flow.recycler.queue_max                                      | Total                     | 8
tcp.memuse                                                   | Total                     | 2490368
tcp.reassembly_memuse                                        | Total                     | 479232
http.memuse                                                  | Total                     | 1680
http.byterange.memuse                                        | Total                     | 168384
http.byterange.memcap                                        | Total                     | 104857600
ippair.memuse                                                | Total                     | 398144
ippair.memcap                                                | Total                     | 16777216
host.memuse                                                  | Total                     | 382144
host.memcap                                                  | Total                     | 33554432
flow.memuse                                                  | Total                     | 7234304
---------------------------------------------------------------------------------------------------
Date: 8/31/2026 -- 23:54:27 (uptime: 0d, 00h 18m 25s)
---------------------------------------------------------------------------------------------------
Counter                                                      | TM Name                   | Value
---------------------------------------------------------------------------------------------------
capture.kernel_packets                                       | Total                     | 2419
capture.kernel_drops                                         | Total                     | 1057
capture.afpacket.polls                                       | Total                     | 41979
capture.afpacket.poll_timeout                                | Total                     | 41894
capture.afpacket.poll_data                                   | Total                     | 85
decoder.pkts                                                 | Total                     | 1362
decoder.bytes                                                | Total                     | 107051
decoder.ipv4                                                 | Total                     | 1348
decoder.ipv6                                                 | Total                     | 4
decoder.ethernet                                             | Total                     | 1362
decoder.arp                                                  | Total                     | 10
decoder.tcp                                                  | Total                     | 1336
tcp.syn                                                      | Total                     | 525
tcp.synack                                                   | Total                     | 42
tcp.rst                                                      | Total                     | 490
tcp.urg                                                      | Total                     | 5
decoder.udp                                                  | Total                     | 4
decoder.icmpv4                                               | Total                     | 6
decoder.icmpv6                                               | Total                     | 3
decoder.avg_pkt_size                                         | Total                     | 78
decoder.max_pkt_size                                         | Total                     | 2022
tcp.active_sessions                                          | Total                     | 6
flow.total                                                   | Total                     | 532
flow.active                                                  | Total                     | 7
flow.tcp                                                     | Total                     | 526
flow.udp                                                     | Total                     | 4
flow.icmpv4                                                  | Total                     | 1
flow.icmpv6                                                  | Total                     | 1
flow.wrk.spare_sync_avg                                      | Total                     | 100
flow.wrk.spare_sync                                          | Total                     | 8
decoder.event.ipv4.opt_pad_required                          | Total                     | 3
decoder.event.icmpv4.unknown_code                            | Total                     | 2
decoder.event.ipv6.zero_len_padn                             | Total                     | 3
flow.wrk.flows_evicted_needs_work                            | Total                     | 488
flow.wrk.flows_evicted_pkt_inject                            | Total                     | 496
flow.wrk.flows_injected                                      | Total                     | 488
tcp.sessions                                                 | Total                     | 521
tcp.ssn_from_cache                                           | Total                     | 1
tcp.ssn_from_pool                                            | Total                     | 520
tcp.ack_unseen_data                                          | Total                     | 2
tcp.segment_from_pool                                        | Total                     | 65
detect.alert                                                 | Total                     | 130
detect.alerts_suppressed                                     | Total                     | 1462
app_layer.flow.http                                          | Total                     | 33
app_layer.tx.http                                            | Total                     | 33
app_layer.flow.failed_udp                                    | Total                     | 4
flow.end.state.new                                           | Total                     | 10
flow.end.state.closed                                        | Total                     | 515
flow.end.tcp_state.closed                                    | Total                     | 515
flow.mgr.full_hash_pass                                      | Total                     | 105
flow.mgr.rows_per_sec                                        | Total                     | 6553
flow.spare                                                   | Total                     | 9237
flow.mgr.rows_maxlen                                         | Total                     | 1
flow.mgr.flows_checked                                       | Total                     | 1102
flow.mgr.flows_notimeout                                     | Total                     | 577
flow.mgr.flows_timeout                                       | Total                     | 525
flow.mgr.flows_evicted                                       | Total                     | 525
flow.mgr.flows_evicted_needs_work                            | Total                     | 488
memcap.pressure                                              | Total                     | 5
memcap.pressure_max                                          | Total                     | 5
defrag.memuse                                                | Total                     | 33554432
flow.recycler.recycled                                       | Total                     | 37
flow.recycler.queue_max                                      | Total                     | 8
tcp.memuse                                                   | Total                     | 2490368
tcp.reassembly_memuse                                        | Total                     | 479232
http.memuse                                                  | Total                     | 1680
http.byterange.memuse                                        | Total                     | 168384
http.byterange.memcap                                        | Total                     | 104857600
ippair.memuse                                                | Total                     | 398144
ippair.memcap                                                | Total                     | 16777216
host.memuse                                                  | Total                     | 382144
host.memcap                                                  | Total                     | 33554432
flow.memuse                                                  | Total                     | 7234304
---------------------------------------------------------------------------------------------------
Date: 8/31/2026 -- 23:54:35 (uptime: 0d, 00h 18m 33s)
---------------------------------------------------------------------------------------------------
Counter                                                      | TM Name                   | Value
---------------------------------------------------------------------------------------------------
capture.kernel_packets                                       | Total                     | 2419
capture.kernel_drops                                         | Total                     | 1057
capture.afpacket.polls                                       | Total                     | 42219
capture.afpacket.poll_timeout                                | Total                     | 42134
capture.afpacket.poll_data                                   | Total                     | 85
decoder.pkts                                                 | Total                     | 1362
decoder.bytes                                                | Total                     | 107051
decoder.ipv4                                                 | Total                     | 1348
decoder.ipv6                                                 | Total                     | 4
decoder.ethernet                                             | Total                     | 1362
decoder.arp                                                  | Total                     | 10
decoder.tcp                                                  | Total                     | 1336
tcp.syn                                                      | Total                     | 525
tcp.synack                                                   | Total                     | 42
tcp.rst                                                      | Total                     | 490
tcp.urg                                                      | Total                     | 5
decoder.udp                                                  | Total                     | 4
decoder.icmpv4                                               | Total                     | 6
decoder.icmpv6                                               | Total                     | 3
decoder.avg_pkt_size                                         | Total                     | 78
decoder.max_pkt_size                                         | Total                     | 2022
tcp.active_sessions                                          | Total                     | 6
flow.total                                                   | Total                     | 532
flow.active                                                  | Total                     | 7
flow.tcp                                                     | Total                     | 526
flow.udp                                                     | Total                     | 4
flow.icmpv4                                                  | Total                     | 1
flow.icmpv6                                                  | Total                     | 1
flow.wrk.spare_sync_avg                                      | Total                     | 100
flow.wrk.spare_sync                                          | Total                     | 8
decoder.event.ipv4.opt_pad_required                          | Total                     | 3
decoder.event.icmpv4.unknown_code                            | Total                     | 2
decoder.event.ipv6.zero_len_padn                             | Total                     | 3
flow.wrk.flows_evicted_needs_work                            | Total                     | 488
flow.wrk.flows_evicted_pkt_inject                            | Total                     | 496
flow.wrk.flows_injected                                      | Total                     | 488
tcp.sessions                                                 | Total                     | 521
tcp.ssn_from_cache                                           | Total                     | 1
tcp.ssn_from_pool                                            | Total                     | 520
tcp.ack_unseen_data                                          | Total                     | 2
tcp.segment_from_pool                                        | Total                     | 65
detect.alert                                                 | Total                     | 130
detect.alerts_suppressed                                     | Total                     | 1462
app_layer.flow.http                                          | Total                     | 33
app_layer.tx.http                                            | Total                     | 33
app_layer.flow.failed_udp                                    | Total                     | 4
flow.end.state.new                                           | Total                     | 10
flow.end.state.closed                                        | Total                     | 515
flow.end.tcp_state.closed                                    | Total                     | 515
flow.mgr.full_hash_pass                                      | Total                     | 106
flow.mgr.rows_per_sec                                        | Total                     | 6553
flow.spare                                                   | Total                     | 9237
flow.mgr.rows_maxlen                                         | Total                     | 1
flow.mgr.flows_checked                                       | Total                     | 1102
flow.mgr.flows_notimeout                                     | Total                     | 577
flow.mgr.flows_timeout                                       | Total                     | 525
flow.mgr.flows_evicted                                       | Total                     | 525
flow.mgr.flows_evicted_needs_work                            | Total                     | 488
memcap.pressure                                              | Total                     | 5
memcap.pressure_max                                          | Total                     | 5
defrag.memuse                                                | Total                     | 33554432
flow.recycler.recycled                                       | Total                     | 37
flow.recycler.queue_max                                      | Total                     | 8
tcp.memuse                                                   | Total                     | 2490368
tcp.reassembly_memuse                                        | Total                     | 479232
http.memuse                                                  | Total                     | 1680
http.byterange.memuse                                        | Total                     | 168384
http.byterange.memcap                                        | Total                     | 104857600
ippair.memuse                                                | Total                     | 398144
ippair.memcap                                                | Total                     | 16777216
host.memuse                                                  | Total                     | 382144
host.memcap                                                  | Total                     | 33554432
flow.memuse                                                  | Total                     | 7234304
---------------------------------------------------------------------------------------------------
Date: 8/31/2026 -- 23:54:43 (uptime: 0d, 00h 18m 41s)
---------------------------------------------------------------------------------------------------
Counter                                                      | TM Name                   | Value
---------------------------------------------------------------------------------------------------
capture.kernel_packets                                       | Total                     | 2419
capture.kernel_drops                                         | Total                     | 1057
capture.afpacket.polls                                       | Total                     | 42575
capture.afpacket.poll_timeout                                | Total                     | 42490
capture.afpacket.poll_data                                   | Total                     | 85
decoder.pkts                                                 | Total                     | 1362
decoder.bytes                                                | Total                     | 107051
decoder.ipv4                                                 | Total                     | 1348
decoder.ipv6                                                 | Total                     | 4
decoder.ethernet                                             | Total                     | 1362
decoder.arp                                                  | Total                     | 10
decoder.tcp                                                  | Total                     | 1336
tcp.syn                                                      | Total                     | 525
tcp.synack                                                   | Total                     | 42
tcp.rst                                                      | Total                     | 490
tcp.urg                                                      | Total                     | 5
decoder.udp                                                  | Total                     | 4
decoder.icmpv4                                               | Total                     | 6
decoder.icmpv6                                               | Total                     | 3
decoder.avg_pkt_size                                         | Total                     | 78
decoder.max_pkt_size                                         | Total                     | 2022
tcp.active_sessions                                          | Total                     | 5
flow.total                                                   | Total                     | 532
flow.active                                                  | Total                     | 6
flow.tcp                                                     | Total                     | 526
flow.udp                                                     | Total                     | 4
flow.icmpv4                                                  | Total                     | 1
flow.icmpv6                                                  | Total                     | 1
flow.wrk.spare_sync_avg                                      | Total                     | 100
flow.wrk.spare_sync                                          | Total                     | 8
decoder.event.ipv4.opt_pad_required                          | Total                     | 3
decoder.event.icmpv4.unknown_code                            | Total                     | 2
decoder.event.ipv6.zero_len_padn                             | Total                     | 3
flow.wrk.flows_evicted_needs_work                            | Total                     | 488
flow.wrk.flows_evicted_pkt_inject                            | Total                     | 496
flow.wrk.flows_injected                                      | Total                     | 488
tcp.sessions                                                 | Total                     | 521
tcp.ssn_from_cache                                           | Total                     | 1
tcp.ssn_from_pool                                            | Total                     | 520
tcp.ack_unseen_data                                          | Total                     | 2
tcp.segment_from_pool                                        | Total                     | 65
detect.alert                                                 | Total                     | 130
detect.alerts_suppressed                                     | Total                     | 1462
app_layer.flow.http                                          | Total                     | 33
app_layer.tx.http                                            | Total                     | 33
app_layer.flow.failed_udp                                    | Total                     | 4
flow.end.state.new                                           | Total                     | 10
flow.end.state.closed                                        | Total                     | 516
flow.end.tcp_state.closed                                    | Total                     | 516
flow.mgr.full_hash_pass                                      | Total                     | 107
flow.mgr.rows_per_sec                                        | Total                     | 6553
flow.spare                                                   | Total                     | 9238
flow.mgr.rows_maxlen                                         | Total                     | 1
flow.mgr.flows_checked                                       | Total                     | 1103
flow.mgr.flows_notimeout                                     | Total                     | 577
flow.mgr.flows_timeout                                       | Total                     | 526
flow.mgr.flows_evicted                                       | Total                     | 526
flow.mgr.flows_evicted_needs_work                            | Total                     | 488
memcap.pressure                                              | Total                     | 5
memcap.pressure_max                                          | Total                     | 5
defrag.memuse                                                | Total                     | 33554432
flow.recycler.recycled                                       | Total                     | 38
flow.recycler.queue_max                                      | Total                     | 8
tcp.memuse                                                   | Total                     | 2490368
tcp.reassembly_memuse                                        | Total                     | 475136
http.memuse                                                  | Total                     | 1344
http.byterange.memuse                                        | Total                     | 168384
http.byterange.memcap                                        | Total                     | 104857600
ippair.memuse                                                | Total                     | 398144
ippair.memcap                                                | Total                     | 16777216
host.memuse                                                  | Total                     | 382144
host.memcap                                                  | Total                     | 33554432
flow.memuse                                                  | Total                     | 7234304
---------------------------------------------------------------------------------------------------
Date: 8/31/2026 -- 23:54:47 (uptime: 0d, 00h 18m 45s)
---------------------------------------------------------------------------------------------------
Counter                                                      | TM Name                   | Value
---------------------------------------------------------------------------------------------------
capture.kernel_packets                                       | Total                     | 2419
capture.kernel_drops                                         | Total                     | 1057
capture.afpacket.polls                                       | Total                     | 42695
capture.afpacket.poll_timeout                                | Total                     | 42606
capture.afpacket.poll_data                                   | Total                     | 85
decoder.pkts                                                 | Total                     | 1362
decoder.bytes                                                | Total                     | 107051
decoder.ipv4                                                 | Total                     | 1348
decoder.ipv6                                                 | Total                     | 4
decoder.ethernet                                             | Total                     | 1362
decoder.arp                                                  | Total                     | 10
decoder.tcp                                                  | Total                     | 1336
tcp.syn                                                      | Total                     | 525
tcp.synack                                                   | Total                     | 42
tcp.rst                                                      | Total                     | 490
tcp.urg                                                      | Total                     | 5
decoder.udp                                                  | Total                     | 4
decoder.icmpv4                                               | Total                     | 6
decoder.icmpv6                                               | Total                     | 3
decoder.avg_pkt_size                                         | Total                     | 78
decoder.max_pkt_size                                         | Total                     | 2022
flow.total                                                   | Total                     | 532
flow.tcp                                                     | Total                     | 526
flow.udp                                                     | Total                     | 4
flow.icmpv4                                                  | Total                     | 1
flow.icmpv6                                                  | Total                     | 1
flow.wrk.spare_sync_avg                                      | Total                     | 100
flow.wrk.spare_sync                                          | Total                     | 8
decoder.event.ipv4.opt_pad_required                          | Total                     | 3
decoder.event.icmpv4.unknown_code                            | Total                     | 2
decoder.event.ipv6.zero_len_padn                             | Total                     | 3
flow.wrk.flows_evicted_needs_work                            | Total                     | 493
flow.wrk.flows_evicted_pkt_inject                            | Total                     | 506
flow.wrk.flows_injected                                      | Total                     | 493
tcp.sessions                                                 | Total                     | 521
tcp.ssn_from_cache                                           | Total                     | 1
tcp.ssn_from_pool                                            | Total                     | 520
tcp.ack_unseen_data                                          | Total                     | 2
tcp.segment_from_pool                                        | Total                     | 65
detect.alert                                                 | Total                     | 130
detect.alerts_suppressed                                     | Total                     | 1462
app_layer.flow.http                                          | Total                     | 33
app_layer.tx.http                                            | Total                     | 33
app_layer.flow.failed_udp                                    | Total                     | 4
flow.end.state.new                                           | Total                     | 10
flow.end.state.established                                   | Total                     | 6
flow.end.state.closed                                        | Total                     | 516
flow.end.tcp_state.fin_wait1                                 | Total                     | 1
flow.end.tcp_state.fin_wait2                                 | Total                     | 3
flow.end.tcp_state.close_wait                                | Total                     | 1
flow.end.tcp_state.closed                                    | Total                     | 516
flow.mgr.full_hash_pass                                      | Total                     | 107
flow.mgr.rows_per_sec                                        | Total                     | 6553
flow.spare                                                   | Total                     | 9238
flow.mgr.rows_maxlen                                         | Total                     | 1
flow.mgr.flows_checked                                       | Total                     | 1103
flow.mgr.flows_notimeout                                     | Total                     | 577
flow.mgr.flows_timeout                                       | Total                     | 526
flow.mgr.flows_evicted                                       | Total                     | 526
flow.mgr.flows_evicted_needs_work                            | Total                     | 488
memcap.pressure                                              | Total                     | 5
memcap.pressure_max                                          | Total                     | 5
defrag.memuse                                                | Total                     | 33554432
flow.recycler.recycled                                       | Total                     | 39
flow.recycler.queue_max                                      | Total                     | 8
tcp.memuse                                                   | Total                     | 2490368
tcp.reassembly_memuse                                        | Total                     | 458752
http.byterange.memuse                                        | Total                     | 168384
http.byterange.memcap                                        | Total                     | 104857600
ippair.memuse                                                | Total                     | 398144
ippair.memcap                                                | Total                     | 16777216
host.memuse                                                  | Total                     | 382144
host.memcap                                                  | Total                     | 33554432
flow.memuse                                                  | Total                     | 7234304
